,employeeid,Friday,Monday,Saturday,Sunday,Thursday,Tuesday,Wednesday,previous week,actual week,label
0,1001754,1.0,1.0,1.0,1.0,1.0,1.0,1.0,,1.0,0
1,1004360,5.5,7.0,5.5,5.5,4.0,5.5,5.5,,,0
2,1025761,25.5,58.0,18.0,19.0,40.0,25.75,31.75,,,0
3,1054079,10.75,12.0,10.75,9.5,10.75,10.75,10.75,,,0
4,1065656,7.0,5.833333333333333,5.833333333333333,5.833333333333333,4.0,5.833333333333333,6.5,,,0
5,1099030,8.0,8.0,8.0,8.0,8.0,8.0,8.0,,,0
6,1136749,3.6666666666666665,3.9333333333333327,1.0,3.9333333333333327,1.0,13.0,1.0,,1.0,0
7,1140929,1.0,6.0,1.125,2.6597222222222223,5.5,1.0,1.3333333333333333,1.0,1.0,1
8,1141257,1.0,1.0,1.0,1.0,1.0,1.0,1.0,1.0,,0
9,1180112,7.0,12.0,12.0,9.5,9.1,9.1,5.0,,,0
10,1187548,10.0,12.0,10.0,10.0,8.0,10.0,10.0,,,0
11,1188669,1.0,4.666666666666667,4.133333333333334,4.133333333333334,8.0,6.0,1.0,1.0,,0
12,1193063,3.3333333333333335,1.5,6.75,6.0,4.097222222222222,1.0,6.0,1.0,2.0,1
13,1196909,1.0,1.0,1.0,1.0,1.0,1.0,1.0,,,0
14,1207088,1.0,1.0,1.0,1.0,1.0,1.0,1.0,,,0
15,1208130,1.0,4.0,7.0,3.4800000000000004,3.8,3.4800000000000004,1.6,1.3333333333333333,1.0,0
16,1223351,1.0,1.0,1.0,1.0,1.0,1.0,1.0,,1.0,0
17,1223437,1.0,1.0,1.0,1.0,1.0,1.0,1.0,1.0,,0
18,1240601,1.0,4.333333333333333,1.0,1.0,1.0,1.3333333333333333,2.3333333333333335,1.5,1.2,0
19,1249896,7.0,1.0,7.0,1.0,1.0,2.0,3.1666666666666665,,,0
20,1258413,2.0,1.0,1.5,1.5,1.5,1.5,1.5,2.0,,0
21,1270231,2.142857142857143,4.428571428571429,2.125,3.6,2.375,4.090909090909091,5.0,1.2,1.0,0
22,1279322,2.0,1.3333333333333333,1.3333333333333333,1.3333333333333333,1.0,1.0,1.3333333333333333,1.3333333333333333,,0
23,1280352,7.0,3.7142857142857144,1.3333333333333333,1.0,1.0,1.0,8.5,1.0,,0
24,1290535,24.0,98.0,38.75,34.333333333333336,46.0,32.0,20.25,,,0
25,1292899,1.0,1.0,1.2,1.7,1.7142857142857142,4.285714285714286,1.0,1.3333333333333333,1.0,0
26,1295042,1.0,1.0,1.0,1.0,1.0,1.0,1.0,,,0
27,1295874,9.333333333333334,9.5,13.5,13.5,2.5,6.5,7.0,2.0,1.0,0
28,1299948,1.0,3.75,7.0,5.316666666666667,2.3333333333333335,5.316666666666667,12.5,,,0
29,1303865,1.4,1.0,3.75,3.5,3.1916666666666664,7.166666666666667,2.3333333333333335,1.0,,0
30,1304399,12.142857142857142,26.333333333333332,21.75,16.666666666666668,13.333333333333334,22.88888888888889,20.333333333333332,,,0
31,1309921,1.5,1.5,1.5,2.0,2.0,1.0,1.0,,,0
32,1310473,2.0,1.0,1.6666666666666667,1.6,1.8,1.6666666666666667,2.0,1.75,1.3333333333333333,0
33,1314761,1.0,1.3333333333333333,2.0,1.3333333333333333,1.0,1.3333333333333333,1.3333333333333333,,,0
34,1316795,3.0,3.0,1.0,7.5,5.25,12.0,5.0,,,0
35,1321854,8.680555555555555,12.0,9.5,12.0,2.75,8.5,7.333333333333333,1.0,1.0,1
36,1326813,8.0,8.0,8.0,8.0,8.0,8.0,8.0,,,0
37,1327824,3.0,12.0,3.0,6.1,6.1,6.0,6.5,,,0
38,1378596,5.0,4.0,4.5,8.2,2.3333333333333335,2.0,2.5,3.375,3.0,0
39,1387375,13.666666666666666,21.22222222222222,16.25,13.666666666666666,13.428571428571429,10.444444444444445,19.0,,,0
40,1404416,8.0,8.0,8.0,8.0,8.0,8.0,8.0,,,0
41,1409860,1.0,1.0,1.0,1.0,1.0,1.0,1.0,,,0
42,1411368,1.0,1.25,1.25,1.25,1.0,2.0,1.0,,2.0,0
43,1412734,4.0,6.8,6.125396825396826,12.0,8.0,1.2857142857142858,4.666666666666667,1.0,2.0,1
44,1428398,3.0,4.0,6.25,6.25,6.25,12.0,6.0,,,0
45,1431459,24.0,24.0,24.0,24.0,24.0,24.0,24.0,,,0
46,1447096,4.0,2.0,12.0,5.0,1.0,5.0,6.0,,1.0,0
47,1479517,8.5,35.0,8.5,19.0,19.0,19.0,24.0,,,0
48,1488365,3.767857142857143,3.767857142857143,1.0,3.767857142857143,4.0,2.5714285714285716,7.5,,,0
49,1490297,18.0,12.0,24.0,18.0,18.0,18.0,18.0,,,0
50,1503263,5.861111111111112,3.0,5.861111111111112,5.861111111111112,5.861111111111112,2.25,12.333333333333334,1.0,1.0,1
51,1503983,1.0,1.0,1.0,1.0,1.0,1.0,1.0,,,0
52,1507041,4.0,2.875,3.8,2.0,4.0,4.333333333333333,2.6,4.333333333333333,3.2857142857142856,0
53,1516170,1.0,3.0,3.1,3.1,2.4,3.1,6.0,1.0,1.0,1
54,1526423,34.0,58.0,41.0,48.0,40.0,36.5,27.5,,,0
55,1526589,2.5,1.0,2.726666666666667,6.8,1.0,2.726666666666667,2.3333333333333335,,1.0,0
56,1534001,1.0,3.0,4.0,3.0833333333333335,1.0,3.0,6.5,1.0,,0
57,1534468,2.0,2.5714285714285716,2.3333333333333335,16.333333333333332,2.75,5.197619047619048,5.197619047619048,1.0,1.0,1
58,1541031,1.25,12.5,3.8899999999999997,3.8899999999999997,2.2,1.5,2.0,1.0,1.5,1
59,1541807,1.0,24.0,1.0,4.0,2.1666666666666665,6.0,1.0,1.0,1.0,1
60,1558088,4.0,12.0,4.0,4.0,1.0,1.0,2.0,,1.0,0
61,1584794,7.0,7.0,12.0,7.0,7.0,6.0,3.0,,,0
62,1589123,1.0,1.0,1.0,1.0,1.0,1.0,1.0,,,0
63,1598167,79.38461538461539,162.73333333333332,136.30769230769232,102.63636363636364,82.76923076923077,102.8,118.66666666666667,32.75,32.0,0
64,1598536,1.5,1.0,1.5,1.5,1.5,2.0,1.5,1.5,,0
65,1604600,7.0,12.0,9.6,13.0,9.6,11.0,5.0,,,0
66,1614185,1.0,1.0,1.0,1.0,1.0,1.0,1.0,,,0
67,1630869,24.0,24.0,24.0,24.0,24.0,24.0,24.0,,,0
68,1641071,11.7,12.0,15.5,11.7,8.0,11.0,12.0,,,0
69,1653095,1.0,1.0,2.0,2.138888888888889,6.5,1.0,1.3333333333333333,,,0
70,1660925,8.0,22.23076923076923,19.90909090909091,8.75,12.76923076923077,12.533333333333333,17.533333333333335,3.5714285714285716,3.1666666666666665,0
71,1673682,1.0,3.2,3.8333333333333335,7.0,3.5,2.6666666666666665,3.2,2.0,1.0,0
72,1681254,1.0,1.0,1.0,1.0,1.0,1.0,1.0,1.0,,0
73,1686000,1.0,12.0,9.5,3.0,6.0,7.0,5.333333333333333,,,0
74,1686185,6.666666666666667,7.0,7.0,6.666666666666667,6.666666666666667,6.0,6.666666666666667,,,0
75,1688641,1.0,1.0,12.0,3.0,1.0,3.1666666666666665,1.0,,,0
76,1689599,24.0,24.0,24.0,24.0,24.0,24.0,24.0,,,0
77,1697915,2.75,2.8333333333333335,8.5,6.0,3.0,1.0,1.0,1.0,1.0,1
78,1706190,1.0,3.5,1.0,2.0,4.5,1.5,6.5,1.0,3.0,1
79,1711627,1.0,1.0,1.0,1.0,1.0,1.0,1.0,1.0,,0
80,1760439,1.0,1.0,1.0,1.0,1.0,1.0,1.0,,,0
81,1765126,1.0,1.0,1.0,1.0,1.0,1.0,1.0,,,0
82,1768788,1.75,4.666666666666667,1.0,12.0,1.5,1.4,1.8,1.0,1.6666666666666667,1
83,1771371,1.0,1.0,1.0,1.0,1.0,1.0,1.0,1.0,1.0,1
84,1772142,12.0,12.0,12.0,12.0,12.0,12.0,12.0,,,0
85,178691,1.0,1.5,3.9666666666666663,3.9666666666666663,1.0,5.333333333333333,11.0,,,0
86,1826975,1.0,1.0,1.0,1.0,1.0,1.0,1.0,,,0
87,1836287,1.2666666666666666,1.0,1.3333333333333333,1.2666666666666666,1.0,1.0,2.0,1.0,,0
88,1846619,7.777777777777778,18.0,7.777777777777778,7.777777777777778,3.3333333333333335,7.777777777777778,2.0,,1.0,0
89,1886714,5.636363636363637,5.416666666666667,3.2222222222222223,3.2,5.909090909090909,5.545454545454546,5.0,3.4285714285714284,5.142857142857143,1
90,1887386,1.0,1.0,1.0,1.0,1.0,1.0,1.0,,,0
91,1895314,10.0,10.0,10.0,10.0,10.0,10.0,10.0,,,0
92,1905662,1.3333333333333333,2.2,1.0,1.6555555555555557,1.0,3.4,1.0,1.0,1.0,1
93,1937724,1.0,3.1666666666666665,3.1666666666666665,3.1666666666666665,3.1666666666666665,3.1666666666666665,5.333333333333333,,,0
94,1971662,1.1666666666666667,1.1666666666666667,1.5,1.0,1.0,1.1666666666666667,1.1666666666666667,1.0,2.0,1
95,1984045,3.0,4.6,4.6,6.5,2.5,1.0,10.0,,,0
96,1992321,9.25,12.0,9.25,9.25,9.25,6.5,9.25,,,0
97,2025003,9.5,9.5,12.0,7.0,9.5,9.5,9.5,,,0
98,205557,1.5,1.0,1.1666666666666667,1.0,1.1666666666666667,1.1666666666666667,1.1666666666666667,,,0
99,2069531,16.0,16.0,16.0,24.0,8.0,16.0,16.0,,,0
100,2075137,1.6666666666666667,5.4,2.8933333333333335,2.8933333333333335,1.0,3.0,3.4,1.0,,0
101,2075288,1.0,1.0,1.0,1.0,1.0,1.0,1.0,,1.0,0
102,2079536,1.0,1.0,1.0,2.0,3.3636363636363638,2.8333333333333335,2.8,2.5,1.6666666666666667,0
103,2105170,1.0,2.0,1.5833333333333333,2.0,1.0,2.0,1.5,,,0
104,2125260,7.0,7.0,7.0,7.0,7.0,7.0,7.0,,,0
105,2147900,1.0,1.0,1.0,1.0,1.0,1.0,1.0,,,0
106,2152726,12.0,12.0,12.0,12.0,12.0,12.0,12.0,,,0
107,2183477,7.0,8.833333333333334,7.5,8.833333333333334,8.833333333333334,8.833333333333334,12.0,,,0
108,2190053,12.0,12.0,12.0,12.0,12.0,12.0,12.0,,,0
109,2193536,14.125,13.0,14.125,14.125,8.0,15.0,20.5,,,0
110,2223978,17.75,17.75,17.75,17.75,17.75,11.5,24.0,,,0
111,2239815,1.4,1.25,1.0,1.0,1.0,1.1300000000000001,1.1300000000000001,1.2,1.5,1
112,2245265,1.25,4.1,1.0,2.475,4.0,1.0,3.5,1.0,1.3333333333333333,1
113,2249789,1.0,12.333333333333334,4.033333333333333,4.033333333333333,2.8333333333333335,1.5,2.5,1.6666666666666667,1.0,0
114,2250420,7.5,6.5,7.229166666666666,7.229166666666666,7.229166666666666,10.666666666666666,4.25,,,0
115,2254958,1.0,1.0,1.0,1.0,1.0,1.0,1.0,,,0
116,2273055,2.6,1.0,3.0,12.0,1.0,1.5,5.0,1.0,,0
117,2287614,1.0,3.2,3.755555555555555,4.666666666666667,1.6666666666666667,1.0,11.0,1.0,1.0,1
118,2299975,2.103333333333333,3.6,1.0,2.103333333333333,2.6666666666666665,2.25,1.0,1.5,1.0,0
119,2300183,1.8888888888888888,4.714285714285714,6.0,13.333333333333334,2.0,5.0,1.0,1.6666666666666667,1.0,0
120,2310754,5.666666666666667,9.461538461538462,13.666666666666666,9.8,6.25,9.666666666666666,12.818181818181818,4.0,2.0,0
121,2316578,2.0,2.2,2.56,2.56,1.6,2.75,4.25,1.0,1.0,1
122,2335024,8.333333333333334,12.0,3.0,8.333333333333334,8.333333333333334,8.333333333333334,10.0,,,0
123,2339639,1.5,1.25,1.25,1.25,1.25,1.25,1.0,,,0
124,2341216,1.5,8.25,3.0,9.0,1.0,2.25,4.75,1.0,1.0,1
125,2342085,1.0,1.6111111111111114,1.6111111111111114,1.6111111111111114,1.6111111111111114,2.8333333333333335,1.0,1.0,,0
126,2359227,3.3095238095238098,1.0,1.0,7.0,2.3333333333333335,2.6666666666666665,5.857142857142857,1.0,1.0,1
127,2360595,1.0,1.0,1.0,1.0,1.0,1.0,1.0,,,0
128,2363890,1.0,1.0,1.0,1.0,1.0,1.0,1.0,,1.0,0
129,2364988,14.0,15.375,15.375,12.0,15.375,11.5,24.0,,,0
130,2368354,1.0,1.0,1.1666666666666667,1.0,2.0,1.0,1.0,1.0,1.0,1
131,2374346,7.538461538461538,18.733333333333334,19.166666666666668,14.909090909090908,8.384615384615385,12.857142857142858,17.46153846153846,5.428571428571429,4.0,0
132,2384705,8.692307692307692,13.666666666666666,11.076923076923077,13.555555555555555,5.076923076923077,9.384615384615385,13.615384615384615,3.1666666666666665,2.6666666666666665,0
133,2385397,24.0,24.0,24.0,24.0,24.0,24.0,24.0,,,0
134,2449705,8.666666666666666,7.0,7.0,12.0,8.666666666666666,8.666666666666666,8.666666666666666,,,0
135,2455984,5.64,5.64,12.0,12.0,1.0,1.4,1.8,,1.0,0
136,2492575,1.6,17.0,1.25,1.3333333333333333,2.0,5.5,24.0,1.5,1.0,0
137,2503807,8.0,8.0,8.0,8.0,8.0,8.0,8.0,,,0
138,2514310,4.0,8.466666666666667,33.5,8.466666666666667,1.0,1.5,2.3333333333333335,1.0,,0
139,2524998,1.5,1.375,1.375,1.375,1.0,1.0,2.0,1.5,1.3333333333333333,0
140,2563796,10.0,10.0,10.0,10.0,10.0,10.0,10.0,,,0
141,2570438,3.0,12.0,9.5,6.375,6.375,1.0,6.375,,,0
142,2573321,2.0,2.6666666666666665,2.0,4.75,1.0,4.0,2.7361111111111107,2.0,3.0,1
143,2581400,4.0,1.0,4.0,4.0,1.0,4.0,10.0,,1.0,0
144,2586304,10.5,10.5,10.5,10.5,10.5,11.0,10.0,,,0
145,2604056,1.3333333333333333,1.0,1.6666666666666667,5.8,24.0,1.0,5.8,1.0,2.0,1
146,2608402,2.5,7.0,1.0,1.0,2.5,2.5,1.0,,,0
147,2610260,1.5,1.0,1.5,1.5,2.0,1.5,1.5,,,0
148,2639276,21.0,14.666666666666666,12.0,14.666666666666666,14.666666666666666,11.0,14.666666666666666,,,0
149,2642032,3.0,3.3333333333333335,6.142857142857143,12.166666666666666,1.8,3.0,4.0,1.5,1.5,1
150,2643683,1.3333333333333333,6.5,6.125,4.666666666666667,6.125,12.0,6.125,,1.0,0
151,2687806,1.777777777777778,1.777777777777778,1.777777777777778,1.777777777777778,3.3333333333333335,1.0,1.0,,1.0,0
152,2722559,1.0,1.0,1.0,1.0,1.0,1.0,1.0,,,0
153,2750070,1.0,1.0,1.0,2.5833333333333335,4.0,3.5,5.0,,,0
154,2762809,1.0,2.2944444444444447,5.666666666666667,1.5,1.0,3.6,1.0,2.0,,0
155,2763006,12.0,12.0,12.0,12.0,12.0,12.0,12.0,,,0
156,2763266,3.0,7.625,12.0,7.625,8.0,7.625,7.5,,,0
157,2764372,1.0,1.0,1.0,1.0,1.0,1.0,1.0,,,0
158,2769846,2.0,1.0,2.6333333333333337,2.6333333333333337,4.5,1.0,4.666666666666667,1.5,,0
159,2776956,1.5,2.066666666666667,1.0,2.066666666666667,3.3333333333333335,3.5,1.0,1.5,1.0,0
160,2783511,12.0,12.0,12.0,12.0,12.0,12.0,12.0,,,0
161,2784394,2.4,4.5,4.428571428571429,3.1658730158730157,2.0,2.6666666666666665,3.0,1.5,1.0,0
162,2784595,2.0,2.0,2.0,2.0,2.0,2.0,2.0,,,0
163,2809945,8.2,12.0,12.0,8.2,4.0,1.0,12.0,,,0
164,2825590,1.4,1.0,1.9066666666666667,1.9066666666666667,1.0,4.333333333333333,1.8,2.0,1.0,0
165,2873575,1.5,1.5,2.0,1.5,1.0,1.5,1.5,,,0
166,2879800,1.6666666666666667,2.75,4.916666666666667,6.666666666666667,4.916666666666667,1.0,12.5,,1.0,0
167,2880561,1.3333333333333333,1.2,1.0,1.0888888888888888,1.0,1.0,1.0,1.0,1.0,1
168,2906952,4.0,4.0,4.0,4.0,4.0,6.0,2.0,,,0
169,2927363,1.0,2.5,3.25,12.0,2.0,1.0,1.0,,1.5,0
170,2932157,1.0,1.0,1.0,1.0,1.0,1.0,1.0,1.0,,0
171,2945586,7.0,7.0,7.0,7.0,7.0,7.0,7.0,,,0
172,2947908,7.0,9.5,3.0,5.333333333333333,8.0,3.5,1.0,,,0
173,2960833,6.75,6.75,3.0,6.75,6.75,6.75,10.5,,,0
174,2977961,1.0,1.0,1.0,1.0,1.0,1.0,1.0,,,0
175,2979393,6.833333333333333,12.666666666666666,6.833333333333333,6.833333333333333,6.833333333333333,6.833333333333333,1.0,,,0
176,2981472,9.5,9.5,7.0,12.0,8.0,11.0,9.5,,,0
177,2988665,5.5,5.5,5.5,5.5,1.0,10.0,5.5,,1.0,0
178,2991847,1.0833333333333333,1.0,1.0,1.0,1.5,1.0,1.0,,,0
179,2992221,12.4,13.0,36.0,12.4,6.0,6.0,1.0,,,0
180,2997401,10.266666666666667,7.0,24.0,12.0,10.266666666666667,6.0,2.3333333333333335,,,0
181,3007991,1.8,1.0,2.6666666666666665,1.0,1.4933333333333334,1.4933333333333334,1.0,1.0,1.0,1
182,3033596,12.0,12.0,12.0,12.0,12.0,12.0,12.0,,,0
183,3049548,1.0,6.5,4.0,3.3,4.0,1.0,3.3,,,0
184,3063641,10.0,7.0,24.0,10.0,10.0,6.0,3.0,,,0
185,3066421,2.0,2.0,2.0,2.0,2.0,2.0,2.0,,,0
186,3072306,9.333333333333334,9.333333333333334,7.0,9.333333333333334,9.333333333333334,11.0,10.0,,,0
187,3080354,1.0,21.5,7.125,1.0,7.125,5.0,7.125,,,0
188,3087361,3.0,3.0,3.0,3.0,3.0,3.0,3.0,,,0
189,3088236,3.2857142857142856,4.166666666666667,1.75,3.4404761904761907,3.4404761904761907,1.0,7.0,1.0,,0
190,3097883,75.6923076923077,159.53333333333333,134.69230769230768,102.18181818181819,79.6923076923077,99.86666666666666,114.8,32.375,30.142857142857142,0
191,3099871,8.333333333333334,7.0,8.333333333333334,7.0,8.333333333333334,11.0,8.333333333333334,,,0
192,3105177,3.0,2.3333333333333335,1.0,2.3333333333333335,1.0,4.666666666666667,2.0,1.0,1.0,1
193,3112295,2.25,3.6,2.8288744588744588,2.8288744588744588,3.142857142857143,3.8181818181818183,1.3333333333333333,2.0,1.75,0
194,3114720,7.0,7.0,7.0,7.0,7.0,7.0,7.0,,,0
195,3121622,10.4,7.0,24.0,7.0,10.4,11.0,3.0,,,0
196,3123512,11.25,12.0,11.25,12.0,11.25,11.0,10.0,,,0
197,3125863,12.0,12.0,12.0,12.0,12.0,12.0,12.0,,,0
198,3127701,7.545454545454546,19.785714285714285,15.538461538461538,6.857142857142857,7.454545454545454,8.6,11.076923076923077,3.1666666666666665,2.3333333333333335,0
199,3128556,1.5,3.2,1.0,1.9066666666666667,2.3333333333333335,1.5,1.9066666666666667,1.25,1.0,0
200,3131206,5.916666666666667,4.666666666666667,5.916666666666667,5.916666666666667,4.5,2.5,12.0,,,0
201,3139635,12.0,7.0,10.8,12.0,10.8,11.0,12.0,,,0
202,3145885,7.0,12.0,7.0,7.0,7.0,2.0,7.0,,,0
203,3154832,5.0,7.0,3.0,5.0,5.0,5.0,5.0,,,0
204,3167791,12.0,12.0,12.0,12.0,12.0,12.0,12.0,,,0
205,3168015,15.75,15.5,15.0,24.0,15.75,8.5,15.75,,,0
206,3193726,6.5,6.5,6.5,6.5,6.5,6.5,6.5,,,0
207,3205085,3.0,3.75,7.0,6.5,2.1666666666666665,1.0,2.0,,1.0,0
208,3210980,11.666666666666666,12.0,12.0,11.666666666666666,11.666666666666666,11.0,11.666666666666666,,,0
209,3212451,2.0,1.6,3.0,1.0,1.0,1.0,1.6,,,0
210,3216177,12.0,12.0,12.0,12.0,12.0,12.0,12.0,,,0
211,3219499,1.0,1.0,1.0,1.0,1.0,1.0,1.0,,,0
212,3235911,2.0,2.0,2.0,2.0,3.0,1.0,2.0,,,0
213,3247835,12.0,12.0,12.0,12.0,12.0,12.0,12.0,,,0
214,3262113,12.0,12.0,12.0,12.0,12.0,12.0,12.0,,,0
215,3264923,1.0,1.0,1.0,1.0,1.0,1.0,1.0,,,0
216,3267531,1.0,5.0,4.666666666666667,1.0,5.0,4.8,1.0,1.0,,0
217,3273058,1.0,1.0,1.0,1.0,1.0,1.0,1.0,,,0
218,3290954,3.0,4.4,3.046666666666667,3.046666666666667,1.3333333333333333,1.5,5.0,1.0,,0
219,3299387,1.0,1.25,1.0,1.25,1.25,1.0,2.0,,,0
220,3318545,1.7142857142857142,3.8333333333333335,5.0,6.5,2.6666666666666665,1.0,1.8,1.0,2.0,1
221,3325857,1.0,6.5,7.0,5.0,2.0,1.3333333333333333,1.3333333333333333,,,0
222,3328319,1.6666666666666667,1.0,2.0,1.3333333333333335,1.0,1.3333333333333335,1.0,3.0,1.0,0
223,3328967,3.875,7.0,6.5,3.875,3.875,1.0,1.0,,,0
224,3333073,1.6666666666666667,2.0,1.5333333333333334,1.0,1.0,1.5333333333333334,2.0,,,0
225,3336124,2.0,1.0,1.0,1.2,1.0,1.0,1.2,,1.0,0
226,3347537,7.0,7.0,7.0,7.0,7.0,7.0,7.0,,,0
227,3352585,12.0,12.0,12.0,12.0,12.0,12.0,12.0,,,0
228,3353301,4.625,6.5,7.0,4.625,4.0,1.0,4.625,,,0
229,3353766,1.25,1.0,1.0,1.125,1.0,1.0,1.5,1.0,1.0,1
230,3360072,1.0,2.0,1.0,1.0,1.0,1.2,1.2,1.25,1.0,0
231,3378142,1.0,12.0,9.666666666666666,19.0,1.0,1.0,7.277777777777778,,,0
232,3378841,6.0,7.0,6.0,6.0,6.0,6.0,5.0,,,0
233,3380784,1.0,1.0,1.0,1.0,1.0,1.0,1.0,1.0,,0
234,3396210,2.0,1.0,2.9499999999999997,1.0,1.0,6.2,6.5,1.0,1.0,1
235,3396363,1.0,1.0,1.0,1.0,1.0,1.0,1.0,1.0,1.0,1
236,3396390,1.0,1.2,2.0,1.0,1.0,1.2,1.0,,,0
237,3398621,8.875,9.5,12.0,13.0,8.875,1.0,8.875,,,0
238,3399517,4.0,4.0,4.0,4.0,4.0,4.0,4.0,,,0
239,3399622,1.0,1.0,1.0,1.0,1.0,1.0,1.0,,,0
240,3400422,14.0,12.0,12.0,12.0,12.0,12.0,10.0,,,0
241,3403341,7.0,2.1666666666666665,1.0,1.0,2.0,6.0,5.5,,1.0,0
242,3408016,7.0,7.0,7.0,7.0,7.0,7.0,7.0,,,0
243,3408930,11.5,11.5,11.5,12.0,11.5,11.0,11.5,,,0
244,3411196,17.5,24.0,17.5,17.5,17.5,11.0,17.5,,,0
245,3411268,11.0,11.0,11.0,11.0,11.0,11.0,11.0,,,0
246,3412406,1.0,1.0,1.0,1.0,1.0,1.0,1.0,,,0
247,3414486,1.0,1.5,2.3,7.0,1.0,2.3,1.0,,,0
248,3415291,12.0,12.0,12.0,12.0,12.0,12.0,12.0,,,0
249,3415394,1.1428571428571428,1.0357142857142856,1.0,1.0357142857142856,1.0,1.0357142857142856,1.0,1.0,1.0,1
250,3415555,1.0,1.0,1.0,1.0238095238095237,1.1428571428571428,1.0,1.0,1.0,1.0,1
251,3416001,14.366666666666669,36.0,13.5,10.333333333333334,14.366666666666669,6.0,6.0,,,0
252,3416290,4.0,6.3,6.5,12.0,6.3,8.0,1.0,,,0
253,3417729,7.0,12.0,3.0,24.0,15.2,15.2,30.0,,,0
254,3417785,3.0,5.3,15.0,5.0,2.5,5.3,1.0,,,0
255,3420543,3.0,8.0,12.0,8.0,8.0,6.0,11.0,,,0
256,3422812,7.375,15.5,4.0,7.375,4.0,6.0,7.375,,,0
257,3423102,1.0,1.3888888888888886,1.0,1.0,1.3333333333333333,2.0,2.0,,1.0,0
258,3424177,7.0,12.0,7.0,9.5,9.5,9.5,12.0,,,0
259,3424256,2.6666666666666665,11.0,2.0,1.0,2.0,3.6666666666666665,4.666666666666667,2.0,1.0,0
260,3424289,7.0,7.0,7.0,7.0,7.0,7.0,7.0,,,0
261,3424770,2.0,12.0,13.0,9.0,7.833333333333333,6.0,5.0,,,0
262,3424813,2.5,2.5,2.5,3.0,2.5,2.5,2.0,,,0
263,3425257,2.6,2.8333333333333335,13.5,3.0,1.0,1.25,4.030555555555556,1.0,,0
264,3425687,24.0,24.0,24.0,24.0,24.0,24.0,24.0,,,0
265,3425895,1.0,1.0,1.0,1.0,1.0,1.0,1.0,,,0
266,3426902,1.6666666666666667,4.541666666666666,7.0,4.541666666666666,4.5,4.541666666666666,5.0,1.0,1.0,1
267,3427445,1.875,4.545454545454546,1.25,2.83766835016835,2.3333333333333335,3.8,3.2222222222222223,1.25,,0
268,3429924,3.0,3.0,3.0,3.0,3.0,3.0,3.0,,,0
269,3430049,8.0,7.0,12.0,8.0,8.0,8.0,5.0,,,0
270,3431514,9.7,12.0,7.0,9.5,10.0,9.7,10.0,,,0
271,3433284,4.645833333333334,3.3333333333333335,4.645833333333334,4.645833333333334,9.0,4.25,2.0,,,0
272,3434886,1.4,1.0,1.0,2.0,1.5714285714285714,2.4,1.75,1.3333333333333333,2.0,1
273,3441539,1.0,1.0,1.0833333333333333,1.0,1.0833333333333333,1.0833333333333333,1.3333333333333333,,1.0,0
274,3442450,1.0,1.0,1.0,1.0,1.0,1.0,1.0,,,0
275,3447659,1.0,1.0,1.0,1.0,1.0,1.0,1.0,,,0
276,3453487,2.0,2.0,2.0,2.0,2.0,2.0,2.0,,,0
277,3463689,1.4166666666666667,1.4166666666666667,1.6666666666666667,1.0,1.0,1.4166666666666667,2.0,,1.5,0
278,3465007,1.0,1.0,1.0,1.0,1.0,1.0,1.0,,1.0,0
279,3470143,1.0,1.0,1.0,1.0,1.0,1.0,1.0,1.0,,0
280,3480274,1.0,1.25,2.0,3.0,1.0,2.0,2.0,1.5,1.0,0
281,3492912,3.0,3.0,3.0,3.0,4.0,2.0,3.0,,,0
282,3504920,3.0,3.0,3.0,3.0,3.0,3.0,3.0,,,0
283,3510046,3.0,3.0,3.0,3.0,3.0,3.0,3.0,,,0
284,3511434,1.0,1.0,1.0,1.0,1.0,1.0,1.0,,,0
285,3511797,2.5,2.25,2.0,2.25,2.25,2.25,2.25,,,0
286,3518252,6.0,6.0,6.0,6.0,6.0,6.0,6.0,,,0
287,3518329,8.5,7.0,8.5,8.5,8.5,8.5,10.0,,,0
288,3519313,1.0,14.0,1.0,4.5,4.5,4.5,2.0,,,0
289,3521611,1.0,1.0,1.0,1.0,1.0,1.0,1.0,1.0,,0
290,3538589,3.0,3.0,3.0,3.0,3.0,3.0,3.0,,,0
291,3543921,1.0,1.0,1.0,1.0,1.0,1.0,1.0,,,0
292,3561627,1.0,1.0,1.0,1.0,1.0,1.0,1.0,,,0
293,3561757,1.5,1.5,1.0,1.5,1.5,1.5,2.0,,,0
294,3565684,1.0,1.0,1.0,1.0,1.0,1.0,1.0,,,0
295,3567085,1.0,1.0,1.0,1.0,1.0,1.0,1.0,1.0,1.0,1
296,3571408,1.0,1.0,1.0,1.0,1.0,1.0,1.0,,,0
297,3571817,2.0,1.3333333333333333,1.0,1.0,1.3333333333333333,1.3333333333333333,1.3333333333333333,,,0
298,3579349,1.0,1.0,1.0,1.0,1.0,1.0,1.0,,,0
299,3580893,1.0,1.0,1.0,1.0,1.0,1.0,1.0,,,0
300,3581896,1.0,1.0,1.0,1.0,1.0,1.0,1.0,,1.0,0
301,3583525,1.0,1.0,1.0,1.0,1.0,1.0,1.0,,,0
302,3590231,1.75,1.5,1.0,1.75,2.0,1.75,2.5,,1.0,0
303,3602901,1.0,1.2,1.0,1.2,1.0,2.0,1.0,,,0
304,3607748,1.0,1.0,1.0,1.0,1.0,1.0,1.0,,,0
305,3608709,1.0,1.0,1.0,1.0,1.0,1.0,1.0,,1.0,0
306,3656763,1.0,1.0,1.0,1.0,1.0,1.0,1.0,,1.0,0
307,3680656,1.0,1.0,1.0,1.0,1.0,1.0,1.0,1.0,,0
308,3683377,1.0,1.0,1.0,1.0,1.0,1.0,1.0,,1.0,0
309,3688441,1.0,1.0,1.0,1.0,1.0,1.0,1.0,1.0,,0
310,3716667,1.0,1.0,1.0,1.0,1.0,1.0,1.0,1.0,,0
311,3735799,1.0,1.0,1.0,1.0,1.0,1.0,1.0,,1.0,0
312,3756853,2.0,2.0,2.0,2.0,2.0,2.0,2.0,,2.0,0
313,3757304,1.0,1.0,1.0,1.0,1.0,1.0,1.0,1.0,1.0,1
314,3769927,1.0,1.0,1.0,1.0,1.0,1.0,1.0,,1.0,0
315,3772621,1.0,1.0,1.0,1.0,1.0,1.0,1.0,,1.0,0
316,3780487,1.0,1.0,1.0,1.0,1.0,1.0,1.0,1.0,,0
317,3781197,1.0,1.0,1.0,1.0,1.0,1.0,1.0,,1.0,0
318,448427,1.0,1.0,1.0,1.1666666666666667,1.0,1.0,2.0,1.0,,0
319,466978,2.0,1.5,1.5,1.5,1.5,1.5,1.0,1.0,,0
320,472720,8.9,12.0,3.0,8.9,8.0,11.5,10.0,,,0
321,518803,1.0,2.0,1.0,2.1944444444444446,1.0,4.666666666666667,3.5,1.0,1.0,1
322,560645,1.0,1.0,1.0,1.0,1.0,1.0,1.0,,1.0,0
323,584325,7.0,6.5,24.0,9.3,8.0,9.3,1.0,,,0
324,596927,2.0,6.0,13.666666666666666,5.343253968253968,2.142857142857143,3.5,4.75,2.6666666666666665,2.0,0
325,600985,1.0,1.0,1.0,1.0,1.0,1.0,1.0,,1.0,0
326,609552,1.5,12.0,1.0,4.9,4.9,3.5,6.5,,,0
327,616754,1.0,1.0,1.0,1.0,1.0,1.0,1.0,1.0,,0
328,619539,1.0,2.3333333333333335,1.0,2.0,2.0,1.0,1.0,1.0,1.75,1
329,634337,11.166666666666666,9.5,11.166666666666666,11.166666666666666,4.0,11.166666666666666,20.0,,,0
330,635661,8.5,7.0,8.5,8.5,8.5,8.5,10.0,,,0
331,652440,16.0,12.0,12.0,16.0,16.0,24.0,16.0,,,0
332,666745,1.5,6.5,12.0,4.5,1.0,4.5,1.5,1.0,,0
333,667592,1.0,1.5,1.5,1.5,1.5,1.5,2.0,,,0
334,703724,3.8666666666666663,3.3333333333333335,9.0,4.666666666666667,1.3333333333333333,1.0,3.8666666666666663,,,0
335,707350,6.3,4.75,4.375,4.333333333333333,8.0,4.125,3.875,7.571428571428571,6.428571428571429,0
336,747129,1.5,1.25,1.0,2.2202380952380953,2.857142857142857,2.0,4.714285714285714,1.75,1.0,0
337,762500,3.75,1.0,12.0,3.75,3.75,1.0,1.0,,,0
338,780425,1.0,1.0,1.0,1.0,1.0,1.0,1.0,,,0
339,787312,2.0,1.4583333333333333,1.4583333333333333,1.4583333333333333,1.0,1.3333333333333333,1.5,1.0,,0
340,788540,1.0,1.5,1.5,1.5,1.5,2.0,1.5,,,0
341,811099,1.0,1.0,1.0,1.0,1.0,1.0,1.0,1.0,,0
342,826622,2.7777777777777777,3.7142857142857144,4.833333333333333,3.744708994708995,6.142857142857143,4.0,1.0,2.0,1.0,0
343,829964,1.0,1.0,1.0,1.0,1.0,1.0,1.0,1.0,,0
344,842024,14.0,9.5,7.0,10.375,10.375,10.375,11.0,,,0
345,850203,1.0,1.0,1.0,1.0,1.0,1.0,1.0,,,0
346,854533,79.38461538461539,162.73333333333332,136.30769230769232,102.63636363636364,82.76923076923077,102.8,118.66666666666667,32.75,32.0,0
347,856929,1.0,24.0,7.791666666666667,7.791666666666667,1.0,7.791666666666667,5.166666666666667,1.0,1.0,1
348,870643,1.0,24.0,12.0,1.0,1.0,6.5,12.0,,,0
349,871145,4.4,1.0,7.0,4.4,1.0,6.5,6.5,,1.0,0
350,892829,4.833333333333333,9.5,4.833333333333333,3.0,4.833333333333333,2.0,4.833333333333333,,,0
351,904194,2.6,2.92,6.5,1.0,1.0,2.92,3.5,,,0
352,906108,4.696666666666666,1.0,7.333333333333333,4.696666666666666,4.75,9.0,1.4,1.0,1.0,1
353,921384,1.5833333333333333,2.0,1.5,3.0,1.0,1.0,1.0,1.0,,0
354,946783,1.0,4.0,7.5,7.5,7.5,17.5,7.5,,,0
355,953217,2.0,1.0,5.0,5.333333333333333,2.763888888888889,1.0,2.25,3.0,2.0,0
