,employeeid,Friday,Monday,Saturday,Sunday,Thursday,Tuesday,Wednesday,weekbefore,ncoachingid,total coaching improved,csat,actualvalue
0,26702503,50.0,100.0,,,,,100.0,100.0,,,97.8,
1,26702504,,100.0,,100.0,100.0,,,100.0,,,96.74,
2,26702506,100.0,95.51375,100.0,94.5642857142857,95.76124999999999,94.95250000000001,96.74374999999999,95.96,,,,
3,26702507,91.468,91.88,100.0,91.112,,96.666,,80.0,,,95.52,90.00
4,26702507,91.468,91.88,100.0,91.112,,96.666,,100.0,,,95.52,90.00
5,26702512,96.60857142857144,95.025,95.37333333333333,,95.70875,95.90750000000001,97.60625,95.33,,,74.0,
6,26702518,96.30142857142857,90.65124999999999,50.0,92.85499999999999,95.59875,95.60777777777778,95.29444444444444,98.41,,,90.57,
7,26702537,100.0,88.52714285714286,100.0,95.83285714285714,,95.71375,,100.0,1.0,1.0,96.63,88.89
8,26702537,100.0,88.52714285714286,100.0,95.83285714285714,,95.71375,,100.0,1.0,1.0,96.63,88.89
9,26702538,95.0257142857143,97.72749999999999,94.55166666666666,100.0,91.11,94.47999999999999,96.155,100.0,1.0,1.0,97.29,
10,26702549,100.0,98.14777777777778,92.85714285714286,96.42857142857143,,96.875,100.0,100.0,1.0,1.0,97.99,80.00
11,26702549,100.0,98.14777777777778,92.85714285714286,96.42857142857143,,96.875,100.0,80.0,1.0,1.0,97.99,80.00
12,26702550,96.2242857142857,97.32000000000001,98.795,,94.92125,94.32714285714285,96.58625,98.57,,,95.78,
13,26702550,96.2242857142857,97.32000000000001,98.795,,94.92125,94.32714285714285,96.58625,90.14,,,95.78,
14,26702594,100.0,94.445,89.28666666666668,,93.33333333333333,95.10142857142857,100.0,100.0,1.0,,96.19,100.00
15,26702611,95.30333333333333,100.0,,,97.2811111111111,97.22222222222223,98.76555555555555,100.0,2.0,,95.14,100.00
16,26702617,96.98428571428572,91.11111111111111,95.22142857142858,95.32857142857142,,97.60111111111111,,100.0,,,93.87,97.06
17,26702617,96.98428571428572,91.11111111111111,95.22142857142858,95.32857142857142,,97.60111111111111,,100.0,,,93.87,97.06
18,26702620,92.46,94.73666666666665,92.77799999999999,88.19500000000001,,100.0,,83.33,,,96.42,90.91
19,26702621,100.0,97.75555555555555,97.5,98.61125,,93.75,,100.0,1.0,,95.3,76.92
20,26702621,100.0,97.75555555555555,97.5,98.61125,,93.75,,83.33,1.0,,95.3,76.92
21,26702623,100.0,100.0,88.89,,100.0,100.0,100.0,66.67,2.0,2.0,94.94,
22,26702625,96.66666666666667,83.95875,,,100.0,95.08875,97.61857142857143,100.0,5.0,1.0,95.42,85.71
23,26702629,100.0,91.66749999999999,,,92.70875000000001,97.61857142857141,100.0,100.0,,,95.86,96.67
24,26702653,93.87714285714286,98.76555555555555,96.76857142857143,98.70142857142856,,95.44111111111111,,100.0,4.0,2.0,94.19,97.50
25,26702653,93.87714285714286,98.76555555555555,96.76857142857143,98.70142857142856,,95.44111111111111,,85.71,4.0,2.0,94.19,97.50
26,26702678,95.71375,96.29666666666668,95.23714285714286,97.61857142857143,,97.77777777777777,,100.0,,,95.74,96.43
27,26702678,95.71375,96.29666666666668,95.23714285714286,97.61857142857143,,97.77777777777777,,100.0,,,95.74,96.43
28,26702685,88.4725,97.77777777777777,92.60142857142857,96.875,100.0,98.41222222222223,,100.0,2.0,2.0,93.25,95.45
29,26702685,88.4725,97.77777777777777,92.60142857142857,96.875,100.0,98.41222222222223,,100.0,2.0,2.0,93.25,95.45
30,26702704,90.0,,100.0,,94.44333333333333,100.0,100.0,80.0,2.0,1.0,95.52,95.83
31,26702704,90.0,,100.0,,94.44333333333333,100.0,100.0,100.0,2.0,1.0,95.52,95.83
32,26702710,97.22166666666665,98.824,,,98.14833333333333,97.61833333333334,86.666,100.0,,,97.94,
33,26702714,90.8325,90.27833333333335,84.72166666666666,91.66714285714286,,100.0,,100.0,3.0,1.0,94.41,89.29
34,26702714,90.8325,90.27833333333335,84.72166666666666,91.66714285714286,,100.0,,100.0,3.0,1.0,94.41,89.29
35,26702734,100.0,,91.66666666666667,66.67,96.18999999999998,89.445,92.98625,100.0,4.0,4.0,96.11,87.50
36,26702734,100.0,,91.66666666666667,66.67,96.18999999999998,89.445,92.98625,100.0,4.0,4.0,96.11,87.50
37,26702738,100.0,,100.0,100.0,95.83375,97.77799999999999,91.66714285714286,100.0,2.0,1.0,95.78,100.00
38,26702738,100.0,,100.0,100.0,95.83375,97.77799999999999,91.66714285714286,100.0,2.0,1.0,95.78,100.00
39,26702740,97.142,90.625,100.0,97.14285714285714,,100.0,,100.0,3.0,2.0,94.92,
40,26702741,92.666,100.0,90.0,93.75,,100.0,,100.0,1.0,,95.18,81.82
41,26702741,92.666,100.0,90.0,93.75,,100.0,,100.0,1.0,,95.18,81.82
42,26702744,100.0,100.0,93.75,83.33333333333333,,95.23857142857143,,100.0,1.0,,95.48,100.00
43,26702747,96.92750000000001,94.17142857142858,95.48714285714286,96.13,,96.36375,,100.0,3.0,3.0,95.28,95.65
44,26702747,96.92750000000001,94.17142857142858,95.48714285714286,96.13,,96.36375,,100.0,3.0,3.0,95.28,95.65
45,26702751,100.0,95.76666666666665,91.0,95.95166666666667,100.0,93.33333333333333,,100.0,1.0,1.0,95.71,
46,26702757,96.03142857142858,91.66666666666667,93.88833333333332,100.0,94.64250000000001,94.52333333333334,96.19,100.0,2.0,2.0,95.84,96.55
47,26702757,96.03142857142858,91.66666666666667,93.88833333333332,100.0,94.64250000000001,94.52333333333334,96.19,100.0,2.0,2.0,95.84,96.55
48,26702766,100.0,100.0,94.642,,92.21571428571428,96.13,97.5,100.0,3.0,,94.79,87.50
49,26702781,96.25999999999999,93.92375,,,93.54124999999999,94.375,98.0775,100.0,1.0,1.0,93.93,93.18
50,26702784,95.0,95.8325,,,100.0,92.666,100.0,100.0,,,92.76,92.31
51,26702792,93.334,87.5,91.6675,95.83333333333333,100.0,97.142,83.33500000000001,100.0,2.0,,94.53,92.31
52,26702792,93.334,87.5,91.6675,95.83333333333333,100.0,97.142,83.33500000000001,100.0,2.0,,94.53,92.31
53,26702795,100.0,100.0,93.75,50.0,89.28399999999999,100.0,96.0,100.0,,,94.88,96.67
54,26702797,93.9675,94.44333333333333,96.66666666666667,,98.4375,96.875,96.66666666666667,90.0,3.0,2.0,95.24,97.67
55,26702798,97.40285714285713,93.65142857142858,98.0,94.31833333333333,,94.59500000000001,,100.0,1.0,1.0,95.97,88.89
56,26702798,97.40285714285713,93.65142857142858,98.0,94.31833333333333,,94.59500000000001,,100.0,1.0,1.0,95.97,88.89
57,26702801,88.88833333333334,86.0,,,81.25,85.18555555555557,100.0,83.33,4.0,2.0,93.42,100.00
58,26702808,95.17875000000001,,92.5575,100.0,96.14222222222222,96.08624999999999,95.61777777777777,90.0,5.0,4.0,96.09,96.77
59,26702808,95.17875000000001,,92.5575,100.0,96.14222222222222,96.08624999999999,95.61777777777777,75.0,5.0,4.0,96.09,96.77
60,26702817,95.17,96.43625,93.89000000000001,97.238,,94.77666666666667,,94.44,3.0,3.0,96.75,90.48
61,26702826,95.83375,100.0,,,89.58375,100.0,100.0,100.0,6.0,1.0,93.15,91.30
62,26702834,90.435,,97.22166666666665,96.29666666666667,97.95857142857143,97.2225,90.0,100.0,1.0,,96.17,100.00
63,26702854,100.0,85.715,,,100.0,88.89,100.0,100.0,1.0,1.0,96.54,100.00
64,26702883,100.0,,100.0,95.0,97.91666666666667,87.5,97.22166666666665,100.0,3.0,2.0,94.37,91.67
65,26702883,100.0,,100.0,95.0,97.91666666666667,87.5,97.22166666666665,75.0,3.0,2.0,94.37,91.67
66,26702887,95.23857142857143,93.75,98.75,96.42857142857143,,100.0,,100.0,2.0,2.0,96.28,100.00
67,26702887,95.23857142857143,93.75,98.75,96.42857142857143,,100.0,,100.0,2.0,2.0,96.28,100.00
68,26702896,96.42857142857143,100.0,96.66666666666667,100.0,,93.75,,100.0,1.0,1.0,96.25,92.86
69,26702898,97.14285714285714,100.0,100.0,100.0,88.09571428571428,65.0,93.57142857142857,80.0,1.0,,94.38,100.00
70,26702901,95.83333333333333,94.375,95.0,97.14285714285714,100.0,91.15571428571427,100.0,100.0,3.0,1.0,94.09,
71,26702911,90.62333333333333,98.95875,95.11833333333334,95.91375,100.0,95.0311111111111,100.0,93.33,2.0,2.0,95.62,97.87
72,26702911,90.62333333333333,98.95875,95.11833333333334,95.91375,100.0,95.0311111111111,100.0,100.0,2.0,2.0,95.62,97.87
73,26702914,94.286,97.142,93.75,85.88,100.0,100.0,100.0,100.0,4.0,2.0,96.36,
74,26702931,79.11375,92.7225,,,90.05333333333334,98.86375,96.16499999999999,93.33,5.0,3.0,95.55,96.61
75,26702935,100.0,90.0,100.0,96.42857142857143,,100.0,,100.0,,,96.92,100.00
76,26702943,100.0,93.91,100.0,100.0,,95.8325,,100.0,,,94.78,90.91
77,26702958,94.86625000000001,91.11125,95.35714285714286,94.38714285714286,,95.41624999999999,,71.43,4.0,3.0,95.06,92.73
78,26702958,94.86625000000001,91.11125,95.35714285714286,94.38714285714286,,95.41624999999999,,75.0,4.0,3.0,95.06,92.73
79,26702961,100.0,,100.0,100.0,93.67333333333333,100.0,91.875,100.0,1.0,,95.1,93.75
80,26702961,100.0,,100.0,100.0,93.67333333333333,100.0,91.875,100.0,1.0,,95.1,93.75
81,26702977,100.0,94.28571428571429,,,100.0,67.06333333333333,96.29666666666668,100.0,3.0,,93.87,100.00
82,26702987,82.06285714285715,92.61833333333334,88.03500000000001,97.5,,96.12285714285714,,100.0,,,95.64,92.31
83,26702987,82.06285714285715,92.61833333333334,88.03500000000001,97.5,,96.12285714285714,,100.0,,,95.64,92.31
84,26702990,95.0,100.0,,,82.48666666666666,95.41625,100.0,75.0,7.0,5.0,94.19,96.55
85,26702996,100.0,100.0,100.0,100.0,95.0,100.0,91.666,100.0,,,93.48,90.32
86,26702996,100.0,100.0,100.0,100.0,95.0,100.0,91.666,83.33,,,93.48,90.32
87,26703030,100.0,97.5,,,95.08875,96.86,98.86375,100.0,2.0,2.0,93.4,97.22
88,26703036,100.0,98.14777777777778,96.666,100.0,,92.7075,,100.0,1.0,,96.4,92.31
89,26703036,100.0,98.14777777777778,96.666,100.0,,92.7075,,100.0,1.0,,96.4,92.31
90,26703037,100.0,94.90777777777777,96.42857142857143,91.18999999999998,,93.75,,100.0,3.0,2.0,94.08,100.00
91,26703037,100.0,94.90777777777777,96.42857142857143,91.18999999999998,,93.75,,100.0,3.0,2.0,94.08,100.00
92,26703050,95.556,97.22222222222223,97.61857142857141,100.0,,95.23857142857143,,100.0,2.0,,95.87,
93,26703061,100.0,100.0,,91.66499999999999,77.77666666666666,96.66666666666667,100.0,75.0,2.0,,96.01,82.35
94,26703069,95.0,89.91333333333334,100.0,86.36500000000001,100.0,95.23857142857143,90.6625,80.0,,,94.98,100.00
95,26703069,95.0,89.91333333333334,100.0,86.36500000000001,100.0,95.23857142857143,90.6625,87.5,,,94.98,100.00
96,26703073,100.0,100.0,95.70666666666666,,95.15444444444444,100.0,92.6775,100.0,3.0,3.0,95.61,100.00
97,26703073,100.0,100.0,95.70666666666666,,95.15444444444444,100.0,92.6775,100.0,3.0,3.0,95.61,100.00
98,26703081,100.0,92.5,,,96.17285714285715,100.0,96.38888888888889,100.0,2.0,2.0,95.83,
99,26703098,100.0,,100.0,,100.0,93.75,100.0,100.0,,,97.02,100.00
100,26703098,100.0,,100.0,,100.0,93.75,100.0,100.0,,,97.02,100.00
101,26703116,97.22333333333334,95.0,95.83500000000001,90.91000000000001,,75.25800000000001,100.0,91.67,2.0,,95.17,100.00
102,26703118,86.39285714285714,87.5,100.0,93.334,,97.61857142857143,,100.0,3.0,1.0,93.28,100.00
103,26703118,86.39285714285714,87.5,100.0,93.334,,97.61857142857143,,100.0,3.0,1.0,93.28,100.00
104,26703131,95.0,98.86375,100.0,98.81000000000002,96.43,95.08875,100.0,100.0,2.0,2.0,95.33,
105,26703136,93.055,98.86375,95.95166666666667,93.57142857142857,91.66499999999999,90.68199999999999,,100.0,7.0,4.0,94.4,
106,26703139,100.0,100.0,,,100.0,100.0,100.0,100.0,2.0,,93.55,94.12
107,26703140,93.75,100.0,,,96.875,97.22166666666665,91.66714285714286,100.0,4.0,3.0,94.64,100.00
108,26703142,100.0,,100.0,100.0,100.0,83.33333333333333,100.0,100.0,1.0,1.0,95.2,
109,26703143,95.505,96.7575,89.97625,95.55999999999999,100.0,96.37142857142858,,81.82,2.0,2.0,94.78,100.00
110,26703143,95.505,96.7575,89.97625,95.55999999999999,100.0,96.37142857142858,,100.0,2.0,2.0,94.78,100.00
111,26703151,87.5,92.11555555555555,95.8325,96.42857142857143,100.0,100.0,100.0,75.0,14.0,7.0,95.19,96.43
112,26703151,87.5,92.11555555555555,95.8325,96.42857142857143,100.0,100.0,100.0,100.0,14.0,7.0,95.19,96.43
113,26703158,98.462,95.3125,93.5,100.0,100.0,98.57142857142857,97.72749999999999,100.0,2.0,1.0,96.48,95.65
114,26703160,91.6675,95.83333333333333,90.0,100.0,,97.91666666666667,,100.0,,,92.38,
115,26703161,88.89,77.77833333333334,90.625,92.0,100.0,95.57714285714287,95.23666666666666,66.67,2.0,1.0,94.76,
116,26703180,92.38142857142859,97.22222222222223,98.21428571428571,94.28571428571429,,88.54125,,100.0,1.0,,94.93,93.33
117,26703180,92.38142857142859,97.22222222222223,98.21428571428571,94.28571428571429,,88.54125,,75.0,1.0,,94.93,93.33
118,26703181,96.875,,97.91625,91.4425,96.04124999999999,,96.25,100.0,10.0,4.0,95.47,95.00
119,26703181,96.875,,97.91625,91.4425,96.04124999999999,,96.25,100.0,10.0,4.0,95.47,95.00
120,26703193,94.05857142857143,100.0,94.44333333333333,100.0,94.12714285714286,96.4275,96.66666666666667,100.0,2.0,2.0,94.59,97.44
121,26703193,94.05857142857143,100.0,94.44333333333333,100.0,94.12714285714286,96.4275,96.66666666666667,100.0,2.0,2.0,94.59,97.44
122,26703194,,91.66624999999999,95.57714285714287,98.41285714285713,,96.28333333333333,93.195,100.0,2.0,1.0,95.56,96.15
123,26703194,,91.66624999999999,95.57714285714287,98.41285714285713,,96.28333333333333,93.195,100.0,2.0,1.0,95.56,96.15
124,26703194,,91.66624999999999,95.57714285714287,98.41285714285713,,96.28333333333333,93.195,100.0,2.0,1.0,95.56,96.15
125,26703200,96.91571428571429,80.0,95.8325,,98.21375,94.58571428571427,100.0,100.0,,,94.77,95.65
126,26703203,100.0,90.87249999999999,94.166,92.85714285714286,,95.63444444444445,,100.0,7.0,6.0,93.73,88.46
127,26703203,100.0,90.87249999999999,94.166,92.85714285714286,,95.63444444444445,,85.71,7.0,6.0,93.73,88.46
128,26703205,100.0,93.75,92.5,,95.83333333333333,93.3325,92.36166666666666,100.0,1.0,1.0,95.45,100.00
129,26703218,97.61857142857141,,97.91666666666667,88.89,92.8825,100.0,82.84125,100.0,9.0,7.0,96.62,97.14
130,26703218,97.61857142857141,,97.91666666666667,88.89,92.8825,100.0,82.84125,100.0,9.0,7.0,96.62,97.14
131,26703220,100.0,92.2225,89.67999999999999,75.0,100.0,88.095,100.0,100.0,1.0,1.0,93.97,86.96
132,26703220,100.0,92.2225,89.67999999999999,75.0,100.0,88.095,100.0,100.0,1.0,1.0,93.97,86.96
133,26703220,100.0,92.2225,89.67999999999999,75.0,100.0,88.095,100.0,77.78,1.0,1.0,93.97,86.96
134,26703226,95.96714285714286,85.03428571428572,96.00875,91.47749999999999,94.69125,97.51625000000001,96.135,95.71,,,,
135,26703226,95.96714285714286,85.03428571428572,96.00875,91.47749999999999,94.69125,97.51625000000001,96.135,100.0,,,,
136,26703227,96.94857142857143,96.045,100.0,89.74833333333333,95.91874999999999,96.45375,96.00250000000001,100.0,,,,
137,26703228,98.21375,,91.25,,95.9375,98.76555555555555,95.595,100.0,3.0,3.0,96.49,100.00
138,26703228,98.21375,,91.25,,95.9375,98.76555555555555,95.595,100.0,3.0,3.0,96.49,100.00
139,26703231,,93.33333333333333,,95.0,100.0,95.23666666666666,95.0,100.0,1.0,1.0,95.63,100.00
140,26703232,95.83375000000001,100.0,100.0,,88.88888888888889,96.42857142857143,97.77777777777777,100.0,7.0,1.0,95.47,92.31
141,26703233,100.0,,90.8325,,95.0,100.0,92.8575,100.0,1.0,,95.02,95.83
142,26703233,100.0,,90.8325,,95.0,100.0,92.8575,100.0,1.0,,95.02,95.83
143,26703236,97.91624999999999,100.0,,,91.82555555555557,100.0,100.0,100.0,9.0,6.0,97.15,100.00
144,26703240,90.0,100.0,100.0,,100.0,97.61833333333334,100.0,100.0,,,97.07,94.12
145,26703241,100.0,96.98428571428572,,97.11571428571428,100.0,100.0,93.33333333333333,100.0,2.0,,97.31,93.18
146,26703245,88.88833333333334,91.66624999999999,,100.0,100.0,100.0,97.91625,83.33,2.0,2.0,95.71,100.00
147,26703248,100.0,94.14857142857143,100.0,93.51833333333333,,97.95857142857143,100.0,100.0,1.0,1.0,93.47,96.88
148,26703248,100.0,94.14857142857143,100.0,93.51833333333333,,97.95857142857143,100.0,100.0,1.0,1.0,93.47,96.88
149,26703250,100.0,100.0,100.0,,93.57142857142857,100.0,84.375,100.0,,,94.79,100.00
150,26703251,100.0,98.21375,,100.0,97.77777777777777,93.75,100.0,100.0,1.0,,95.81,95.65
151,26703253,100.0,100.0,,92.5,100.0,92.58875,93.75,100.0,1.0,,94.53,96.55
152,26703256,94.04714285714284,86.805,89.72166666666665,94.44500000000001,,95.83333333333333,,100.0,,,92.12,100.00
153,26703256,94.04714285714284,86.805,89.72166666666665,94.44500000000001,,95.83333333333333,,100.0,,,92.12,100.00
154,26703263,100.0,,91.11166666666668,96.42857142857143,100.0,,100.0,100.0,3.0,2.0,96.48,90.91
155,26703282,95.83333333333333,96.29666666666667,,100.0,98.485,89.16624999999999,91.90500000000002,100.0,,,94.3,86.67
156,26703287,95.23666666666666,92.85499999999999,100.0,,100.0,100.0,100.0,100.0,,,94.59,
157,26703291,100.0,98.61111111111111,,100.0,94.95555555555556,92.85714285714286,94.0475,100.0,,,94.66,95.83
158,26703292,100.0,,89.58333333333333,,100.0,98.61111111111111,97.14285714285714,100.0,1.0,1.0,95.55,100.00
159,26703298,98.334,94.24444444444447,100.0,96.57624999999999,97.05875,95.5825,95.36444444444443,100.0,,,95.62,
160,26703299,100.0,,95.83333333333333,,97.14285714285714,97.30125,97.22166666666665,100.0,1.0,,96.66,
161,26703302,,91.84375,91.66666666666667,95.57714285714285,,91.00444444444445,96.75888888888888,100.0,8.0,3.0,93.99,88.24
162,26703302,,91.84375,91.66666666666667,95.57714285714285,,91.00444444444445,96.75888888888888,100.0,8.0,3.0,93.99,88.24
163,26703302,,91.84375,91.66666666666667,95.57714285714285,,91.00444444444445,96.75888888888888,66.67,8.0,3.0,93.99,88.24
164,26703303,100.0,100.0,100.0,,88.75,93.75,100.0,100.0,,,96.51,96.77
165,26703303,100.0,100.0,100.0,,88.75,93.75,100.0,100.0,,,96.51,96.77
166,26703306,75.0,95.10374999999999,94.96666666666665,98.41285714285713,94.334,96.19,80.55555555555556,100.0,2.0,2.0,96.01,97.62
167,26703306,75.0,95.10374999999999,94.96666666666665,98.41285714285713,94.334,96.19,80.55555555555556,88.89,2.0,2.0,96.01,97.62
168,26703308,,85.595,94.445,100.0,,100.0,100.0,90.91,2.0,2.0,96.83,90.00
169,26703308,,85.595,94.445,100.0,,100.0,100.0,90.91,2.0,2.0,96.83,90.00
170,26703308,,85.595,94.445,100.0,,100.0,100.0,90.91,2.0,2.0,96.83,90.00
171,26703313,,100.0,100.0,100.0,,100.0,100.0,50.0,3.0,,90.13,85.71
172,26703313,,100.0,100.0,100.0,,100.0,100.0,50.0,3.0,,90.13,85.71
173,26703315,100.0,96.69333333333333,100.0,96.65125,100.0,95.78888888888889,92.06222222222222,100.0,3.0,3.0,96.87,98.25
174,26703315,100.0,96.69333333333333,100.0,96.65125,100.0,95.78888888888889,92.06222222222222,100.0,3.0,3.0,96.87,98.25
175,26703315,100.0,96.69333333333333,100.0,96.65125,100.0,95.78888888888889,92.06222222222222,100.0,3.0,3.0,96.87,98.25
176,26703318,95.8275,100.0,95.68875,,98.76555555555555,91.93111111111111,91.74555555555554,100.0,4.0,3.0,96.79,88.00
177,26703318,95.8275,100.0,95.68875,,98.76555555555555,91.93111111111111,91.74555555555554,100.0,4.0,3.0,96.79,88.00
178,26703328,98.41285714285713,97.2225,89.5525,100.0,93.9525,95.67888888888889,96.76777777777778,88.89,8.0,4.0,95.16,92.86
179,26703331,90.0,98.21375,,97.5,100.0,97.95857142857143,96.82571428571428,100.0,2.0,1.0,97.98,100.00
180,26703332,93.05499999999999,86.74571428571429,,,83.92857142857143,91.11166666666668,93.57142857142857,75.0,6.0,3.0,93.11,100.00
181,26703334,97.61833333333334,100.0,,,100.0,97.61833333333334,100.0,100.0,1.0,1.0,94.3,92.86
182,26703342,95.83333333333333,92.85714285714286,92.5,93.57142857142857,100.0,83.33285714285714,100.0,100.0,1.0,,94.24,95.45
183,26703342,95.83333333333333,92.85714285714286,92.5,93.57142857142857,100.0,83.33285714285714,100.0,100.0,1.0,,94.24,95.45
184,26703354,100.0,100.0,100.0,,,100.0,,100.0,,,98.46,96.00
185,26703359,100.0,97.14285714285714,95.142,94.642,100.0,95.8325,,100.0,,,93.62,
186,26703368,,97.14285714285714,,93.05499999999999,92.43333333333332,100.0,100.0,100.0,3.0,1.0,94.58,92.00
187,26703371,94.44500000000001,,96.75999999999999,100.0,100.0,,100.0,100.0,3.0,1.0,94.49,
188,26703371,94.44500000000001,,96.75999999999999,100.0,100.0,,100.0,100.0,3.0,1.0,94.49,
189,26703373,,88.33333333333333,,100.0,100.0,100.0,100.0,100.0,2.0,1.0,95.98,
190,26703374,,83.61,,95.0,92.85499999999999,85.715,83.33500000000001,100.0,1.0,1.0,95.66,100.00
191,26703377,100.0,90.0,94.79125,100.0,97.2225,100.0,93.9811111111111,83.33,4.0,1.0,94.89,84.00
192,26703377,100.0,90.0,94.79125,100.0,97.2225,100.0,93.9811111111111,80.0,4.0,1.0,94.89,84.00
193,26703378,,91.77125000000001,100.0,92.5,,98.4375,97.22222222222223,100.0,2.0,1.0,94.21,92.86
194,26703378,,91.77125000000001,100.0,92.5,,98.4375,97.22222222222223,100.0,2.0,1.0,94.21,92.86
195,26703378,,91.77125000000001,100.0,92.5,,98.4375,97.22222222222223,100.0,2.0,1.0,94.21,92.86
196,26703381,,98.41285714285713,,98.57142857142857,100.0,92.7075,100.0,100.0,,,93.7,
197,26703390,95.13833333333332,85.92555555555555,100.0,97.14285714285714,,100.0,,100.0,,,96.66,100.00
198,26703390,95.13833333333332,85.92555555555555,100.0,97.14285714285714,,100.0,,88.89,,,96.66,100.00
199,26703394,,85.71,,95.8325,100.0,90.834,87.5,100.0,,,95.6,94.74
200,26703395,94.0,90.2775,96.63499999999999,93.24714285714286,95.455,98.41285714285713,100.0,100.0,2.0,,95.78,95.92
201,26703395,94.0,90.2775,96.63499999999999,93.24714285714286,95.455,98.41285714285713,100.0,100.0,2.0,,95.78,95.92
202,26703396,100.0,96.875,87.5,,96.875,100.0,100.0,100.0,,,95.58,94.44
203,26703396,100.0,96.875,87.5,,96.875,100.0,100.0,100.0,,,95.58,94.44
204,26703397,96.66666666666667,94.97125,,80.0,96.66666666666667,98.21375,93.51833333333333,100.0,1.0,,95.85,97.30
205,26703405,100.0,94.44333333333333,100.0,,96.4275,93.75,100.0,100.0,,,95.83,
206,26703408,100.0,98.75,,,88.29285714285713,97.91624999999999,100.0,100.0,2.0,1.0,94.24,100.00
207,26703409,,100.0,100.0,100.0,,100.0,100.0,100.0,1.0,,96.27,100.00
208,26703409,,100.0,100.0,100.0,,100.0,100.0,100.0,1.0,,96.27,100.00
209,26703413,97.80285714285715,95.8325,92.85714285714286,96.96999999999998,91.12125,100.0,97.03666666666666,100.0,3.0,2.0,95.21,91.67
210,26703413,97.80285714285715,95.8325,92.85714285714286,96.96999999999998,91.12125,100.0,97.03666666666666,88.89,3.0,2.0,95.21,91.67
211,26703417,95.23857142857143,100.0,96.66666666666667,100.0,,95.23666666666666,100.0,100.0,1.0,1.0,94.78,88.89
212,26703417,95.23857142857143,100.0,96.66666666666667,100.0,,95.23666666666666,100.0,100.0,1.0,1.0,94.78,88.89
213,26703419,100.0,100.0,,100.0,92.34714285714287,95.23857142857143,78.57142857142857,100.0,3.0,2.0,94.15,
214,26703421,95.83333333333333,100.0,,,92.5,100.0,95.23666666666666,87.5,2.0,1.0,93.58,
215,26703424,90.91,95.10142857142857,,97.5,100.0,96.62714285714286,91.25,100.0,6.0,2.0,95.7,95.65
216,26703425,100.0,100.0,100.0,100.0,100.0,100.0,100.0,100.0,3.0,2.0,95.88,
217,26703428,92.06428571428572,88.69999999999999,,,97.22222222222223,97.03666666666668,92.85666666666667,100.0,6.0,2.0,94.95,93.75
218,26703432,88.89,100.0,,,96.0,64.285,65.0,100.0,4.0,2.0,91.32,
219,26703433,100.0,100.0,91.6675,,96.666,100.0,100.0,100.0,3.0,3.0,96.89,95.65
220,26703433,100.0,100.0,91.6675,,96.666,100.0,100.0,100.0,3.0,3.0,96.89,95.65
221,26703434,95.83375,93.05555555555556,100.0,,95.83375000000001,100.0,100.0,100.0,1.0,1.0,95.85,92.86
222,26703435,95.23857142857143,89.68749999999999,,,97.03666666666668,97.22222222222223,98.41222222222223,100.0,3.0,2.0,95.23,97.22
223,26703442,100.0,97.142,100.0,89.16666666666667,97.142,97.61833333333334,100.0,100.0,,,97.31,100.00
224,26703442,100.0,97.142,100.0,89.16666666666667,97.142,97.61833333333334,100.0,100.0,,,97.31,100.00
225,26703448,80.0,100.0,100.0,,93.33333333333333,100.0,100.0,100.0,1.0,1.0,94.43,
226,26703464,100.0,98.3325,100.0,,98.33333333333333,97.2225,97.72749999999999,100.0,,,96.75,100.00
227,26703467,,100.0,100.0,100.0,100.0,94.166,80.0,100.0,1.0,,96.48,88.89
228,26703467,,100.0,100.0,100.0,100.0,94.166,80.0,100.0,1.0,,96.48,88.89
229,26703469,96.03142857142858,100.0,93.70142857142856,,94.80111111111111,100.0,96.54333333333334,100.0,2.0,1.0,97.15,
230,26703469,96.03142857142858,100.0,93.70142857142856,,94.80111111111111,100.0,96.54333333333334,100.0,2.0,1.0,97.15,
231,26703475,93.33333333333333,,99.04714285714286,,90.15875,97.40666666666667,100.0,93.33,5.0,3.0,96.25,94.44
232,26703486,93.45166666666667,100.0,95.15166666666666,100.0,,94.66375,,87.5,,,95.24,96.67
233,26703486,93.45166666666667,100.0,95.15166666666666,100.0,,94.66375,,80.0,,,95.24,96.67
234,26703493,100.0,95.03999999999999,,93.3725,74.18199999999999,97.1725,97.475,100.0,2.0,,94.69,100.00
235,26703497,93.75,78.476,88.36000000000001,96.66666666666667,96.155,88.834,92.85499999999999,100.0,1.0,,93.78,96.67
236,26703498,100.0,82.2925,94.91999999999999,85.0,,100.0,,100.0,1.0,,95.58,
237,26703501,98.0775,91.66666666666667,91.6675,100.0,96.35375,93.19714285714288,93.33333333333333,100.0,6.0,2.0,94.62,96.67
238,26703501,98.0775,91.66666666666667,91.6675,100.0,96.35375,93.19714285714288,93.33333333333333,,6.0,2.0,94.62,96.67
239,26703503,94.445,,97.91666666666667,,76.666,96.93111111111112,94.35,88.89,,,95.12,100.00
240,26703503,94.445,,97.91666666666667,,76.666,96.93111111111112,94.35,80.0,,,95.12,100.00
241,26703506,98.71833333333332,97.5311111111111,97.22166666666665,90.81750000000001,93.75,96.36666666666666,100.0,100.0,2.0,2.0,96.04,96.77
242,26703506,98.71833333333332,97.5311111111111,97.22166666666665,90.81750000000001,93.75,96.36666666666666,100.0,100.0,2.0,2.0,96.04,96.77
243,26703510,94.44333333333333,98.14833333333333,,100.0,97.5,93.56,100.0,100.0,1.0,1.0,95.07,100.00
244,26703511,95.94,94.44333333333333,,,93.75,95.83333333333333,100.0,100.0,1.0,1.0,93.89,100.00
245,26703511,95.94,94.44333333333333,,,93.75,95.83333333333333,100.0,83.33,1.0,1.0,93.89,100.00
246,26703513,95.55571428571429,100.0,,,97.02333333333334,97.14285714285714,90.105,100.0,2.0,,95.34,97.06
247,26703514,100.0,100.0,95.0,100.0,94.375,91.66714285714286,96.29666666666668,100.0,2.0,1.0,95.85,92.00
248,26703520,100.0,100.0,100.0,,92.20166666666667,100.0,100.0,100.0,,,96.67,93.55
249,26703520,100.0,100.0,100.0,,92.20166666666667,100.0,100.0,50.0,,,96.67,93.55
250,26703524,92.46599999999998,98.462,100.0,100.0,,100.0,,100.0,,,95.08,
251,26703532,100.0,83.33500000000001,100.0,,57.5,93.75,93.33333333333333,100.0,4.0,1.0,92.48,90.00
252,26703533,93.80799999999999,95.0,,,100.0,93.98166666666667,90.21166666666666,100.0,4.0,1.0,93.08,96.30
253,26703535,94.44500000000001,100.0,100.0,90.8157142857143,,87.08375,50.0,100.0,3.0,1.0,95.47,87.50
254,26703535,94.44500000000001,100.0,100.0,90.8157142857143,,87.08375,50.0,100.0,3.0,1.0,95.47,87.50
255,26703537,,,100.0,75.0,,,,100.0,1.0,1.0,94.35,90.91
256,26703538,94.04714285714284,97.91624999999999,,,93.56125,96.82571428571428,89.58375,100.0,6.0,5.0,93.88,100.00
257,26703543,,94.965,95.55499999999999,98.41285714285713,,97.61857142857141,98.14833333333333,100.0,7.0,6.0,94.6,
258,26703547,90.42714285714285,92.78375,,92.85499999999999,94.43111111111111,95.44624999999999,84.71000000000001,92.31,11.0,5.0,94.98,95.00
259,26703551,100.0,100.0,,100.0,98.21375,96.666,100.0,100.0,,,95.44,93.33
260,26703553,100.0,96.29666666666667,95.83333333333333,100.0,100.0,86.11,100.0,100.0,,,94.64,94.74
261,26703553,100.0,96.29666666666667,95.83333333333333,100.0,100.0,86.11,100.0,100.0,,,94.64,94.74
262,26703553,100.0,96.29666666666667,95.83333333333333,100.0,100.0,86.11,100.0,100.0,,,94.64,94.74
263,26703557,77.78,89.36571428571428,,92.36399999999999,97.0775,96.68624999999999,97.68142857142857,100.0,5.0,2.0,93.5,85.71
264,26703558,97.14285714285714,98.75,,,94.44500000000001,89.23625,98.21428571428571,100.0,6.0,1.0,95.85,100.00
265,26703559,90.0,96.0,,79.16499999999999,100.0,93.80799999999999,100.0,100.0,3.0,2.0,96.88,
266,26703560,98.334,91.66666666666667,,,94.62,92.59333333333332,90.11857142857141,100.0,1.0,,94.34,
267,26703566,84.53666666666666,,94.28571428571429,,94.20857142857143,97.91666666666667,100.0,100.0,2.0,,94.93,
268,26703576,100.0,83.33,100.0,,100.0,95.23666666666666,100.0,100.0,,,94.46,90.00
269,26703579,100.0,94.155,,,97.91666666666667,93.05499999999999,95.76666666666665,100.0,2.0,1.0,94.49,
270,26703582,97.5,96.875,,,97.91625,83.92857142857143,94.64285714285714,100.0,4.0,4.0,96.56,93.75
271,26703584,96.18199999999999,90.28333333333335,93.72,94.0,100.0,91.71999999999998,83.33,90.0,13.0,8.0,94.16,90.63
272,26703586,,93.75,,96.29666666666667,93.64999999999999,100.0,96.0,100.0,4.0,3.0,96.18,95.83
273,26703590,98.4375,,98.57142857142857,100.0,95.05000000000001,96.10333333333334,93.8575,100.0,9.0,4.0,96.67,95.45
274,26703590,98.4375,,98.57142857142857,100.0,95.05000000000001,96.10333333333334,93.8575,100.0,9.0,4.0,96.67,95.45
275,26703595,100.0,90.0,,96.96999999999998,93.45166666666667,96.666,93.57142857142857,100.0,2.0,2.0,95.19,90.00
276,26703596,100.0,96.42857142857143,97.61833333333334,87.5,93.10333333333334,95.92555555555556,96.13,100.0,,,94.51,100.00
277,26703596,100.0,96.42857142857143,97.61833333333334,87.5,93.10333333333334,95.92555555555556,96.13,85.71,,,94.51,100.00
278,26703600,95.8,,97.13428571428572,,96.22285714285714,94.23375,96.61857142857141,93.33,3.0,3.0,96.29,93.75
279,26703602,100.0,100.0,92.142,100.0,,94.166,88.89,100.0,2.0,2.0,92.92,95.24
280,26703602,100.0,100.0,92.142,100.0,,94.166,88.89,100.0,2.0,2.0,92.92,95.24
281,26703603,97.142,82.13333333333334,86.11166666666668,98.70142857142856,100.0,93.99000000000001,100.0,100.0,3.0,1.0,94.03,94.44
282,26703604,,93.33333333333333,,84.446,90.0,100.0,100.0,100.0,2.0,1.0,94.54,100.00
283,26703606,90.8157142857143,100.0,95.83375,,87.61857142857143,98.61125,95.08875,100.0,2.0,1.0,92.99,96.88
284,26703606,90.8157142857143,100.0,95.83375,,87.61857142857143,98.61125,95.08875,100.0,2.0,1.0,92.99,96.88
285,26703617,100.0,,97.22166666666665,94.44333333333333,97.91624999999999,100.0,94.44500000000001,100.0,4.0,1.0,91.92,
286,26703617,100.0,,97.22166666666665,94.44333333333333,97.91624999999999,100.0,94.44500000000001,,4.0,1.0,91.92,
287,26703620,,100.0,,100.0,93.334,100.0,95.83333333333333,100.0,1.0,,94.76,100.00
288,26703621,95.83333333333333,96.29666666666667,96.42750000000001,97.91666666666667,83.33500000000001,100.0,,100.0,3.0,1.0,94.09,96.30
289,26703621,95.83333333333333,96.29666666666667,96.42750000000001,97.91666666666667,83.33500000000001,100.0,,83.33,3.0,1.0,94.09,96.30
290,26703625,89.52428571428572,94.80111111111111,95.23857142857143,91.46857142857142,,97.61857142857143,,100.0,6.0,5.0,95.88,92.00
291,26703625,89.52428571428572,94.80111111111111,95.23857142857143,91.46857142857142,,97.61857142857143,,100.0,6.0,5.0,95.88,92.00
292,26703627,92.36125,98.41222222222223,94.38714285714286,97.61833333333334,,95.56625,,75.0,1.0,1.0,95.18,91.30
293,26703627,92.36125,98.41222222222223,94.38714285714286,97.61833333333334,,95.56625,,75.0,1.0,1.0,95.18,91.30
294,26703628,97.61833333333334,100.0,100.0,,100.0,92.75666666666666,100.0,100.0,1.0,,95.62,
295,26703634,92.0,85.71375,,,100.0,79.63000000000001,95.0,60.0,7.0,3.0,93.42,94.74
296,26703635,95.87,91.49111111111112,97.545,95.02428571428571,100.0,92.99857142857142,,100.0,4.0,2.0,95.03,100.00
297,26703635,95.87,91.49111111111112,97.545,95.02428571428571,100.0,92.99857142857142,,100.0,4.0,2.0,95.03,100.00
298,26703636,96.96999999999998,92.14125,91.238,91.28857142857142,100.0,91.364,,100.0,10.0,5.0,93.86,96.00
299,26703636,96.96999999999998,92.14125,91.238,91.28857142857142,100.0,91.364,,92.31,10.0,5.0,93.86,96.00
300,26703643,95.0,89.23625,96.875,91.42857142857143,85.71,92.14285714285714,96.43,100.0,7.0,5.0,95.5,96.30
301,26703643,95.0,89.23625,96.875,91.42857142857143,85.71,92.14285714285714,96.43,83.33,7.0,5.0,95.5,96.30
302,26703645,95.3,95.0,85.71,,95.77799999999999,100.0,97.91666666666667,88.89,,,96.52,96.67
303,26703645,95.3,95.0,85.71,,95.77799999999999,100.0,97.91666666666667,77.78,,,96.52,96.67
304,26703648,100.0,89.28500000000001,85.13,91.93666666666665,90.0,97.5,,100.0,9.0,4.0,94.76,92.31
305,26703652,100.0,95.556,,95.14,91.64,97.33,96.24,91.67,4.0,2.0,95.13,100.00
306,26703656,100.0,83.33375000000001,,,86.25,92.59333333333333,97.14285714285714,100.0,7.0,5.0,92.79,100.00
307,26703659,91.67,96.66666666666667,,97.77799999999999,100.0,96.42857142857143,100.0,88.89,,,96.18,95.24
308,26703669,95.1325,87.49428571428572,94.83999999999999,93.8075,,91.4811111111111,,100.0,6.0,1.0,94.03,100.00
309,26703669,95.1325,87.49428571428572,94.83999999999999,93.8075,,91.4811111111111,,85.71,6.0,1.0,94.03,100.00
310,26703674,96.065,100.0,,,100.0,98.4375,94.84142857142857,88.89,2.0,1.0,96.32,
311,26703676,97.2225,,96.25,91.66499999999999,96.29666666666668,100.0,92.69857142857143,100.0,2.0,1.0,94.41,96.88
312,26703676,97.2225,,96.25,91.66499999999999,96.29666666666668,100.0,92.69857142857143,100.0,2.0,1.0,94.41,96.88
313,26703678,90.47571428571428,97.22166666666665,,,86.66666666666667,82.85714285714286,94.815,100.0,5.0,5.0,92.72,91.30
314,26703682,95.27749999999999,,95.71375,100.0,97.17777777777778,,97.77777777777777,88.89,3.0,2.0,92.43,90.00
315,26703682,95.27749999999999,,95.71375,100.0,97.17777777777778,,97.77777777777777,100.0,3.0,2.0,92.43,90.00
316,26703685,97.95857142857143,100.0,97.334,,100.0,94.05857142857143,100.0,100.0,5.0,3.0,95.79,94.29
317,26703688,87.5,,92.5,91.66499999999999,100.0,95.8325,97.22222222222223,,,,95.4,95.83
318,26703688,87.5,,92.5,91.66499999999999,100.0,95.8325,97.22222222222223,100.0,,,95.4,95.83
319,26703691,92.07857142857142,94.38714285714286,,,95.34875,91.12111111111112,96.35374999999999,90.0,,,93.66,93.48
320,26703693,96.4275,93.43444444444444,100.0,95.23833333333334,,91.14625000000001,,100.0,1.0,1.0,95.25,
321,26703694,83.33375000000001,,88.33333333333333,,82.50125,92.22222222222223,95.83375,50.0,,,91.95,100.00
322,26703694,83.33375000000001,,88.33333333333333,,82.50125,92.22222222222223,95.83375,100.0,,,91.95,100.00
323,26703697,97.71142857142857,100.0,98.462,,94.44500000000001,95.5075,98.95875,100.0,2.0,1.0,95.76,96.77
324,26703698,100.0,100.0,,,100.0,100.0,100.0,100.0,,,98.68,
325,26703699,97.91666666666667,95.08875,91.66666666666667,85.71428571428571,91.66499999999999,93.32142857142857,92.85499999999999,100.0,3.0,3.0,93.37,88.46
326,26703699,97.91666666666667,95.08875,91.66666666666667,85.71428571428571,91.66499999999999,93.32142857142857,92.85499999999999,100.0,3.0,3.0,93.37,88.46
327,26703700,,100.0,100.0,98.0,,95.23857142857143,100.0,100.0,,,97.68,90.00
328,26703700,,100.0,100.0,98.0,,95.23857142857143,100.0,100.0,,,97.68,90.00
329,26703700,,100.0,100.0,98.0,,95.23857142857143,100.0,,,,97.68,90.00
330,26703701,98.4375,,92.2225,,95.83375000000001,92.97999999999999,100.0,100.0,3.0,3.0,94.16,90.48
331,26703701,98.4375,,92.2225,,95.83375000000001,92.97999999999999,100.0,87.5,3.0,3.0,94.16,90.48
332,26703703,90.625,100.0,96.4275,,88.88888888888889,95.625,97.77777777777777,100.0,3.0,2.0,93.74,81.82
333,26703703,90.625,100.0,96.4275,,88.88888888888889,95.625,97.77777777777777,100.0,3.0,2.0,93.74,81.82
334,26703706,98.61125,,100.0,100.0,97.14285714285714,97.77799999999999,98.33333333333333,100.0,5.0,3.0,93.53,96.88
335,26703706,98.61125,,100.0,100.0,97.14285714285714,97.77799999999999,98.33333333333333,100.0,5.0,3.0,93.53,96.88
336,26703709,100.0,75.0,97.2225,,94.13285714285715,96.875,97.61857142857141,100.0,2.0,1.0,93.46,100.00
337,26703709,100.0,75.0,97.2225,,94.13285714285715,96.875,97.61857142857141,100.0,2.0,1.0,93.46,100.00
338,26703710,97.14285714285714,96.66666666666667,,,96.875,100.0,91.66714285714286,100.0,2.0,,96.29,96.15
339,26703711,,100.0,96.0,100.0,,89.58333333333333,100.0,100.0,1.0,,97.28,
340,26703711,,100.0,96.0,100.0,,89.58333333333333,100.0,100.0,1.0,,97.28,
341,26703722,100.0,80.09222222222222,97.91666666666667,98.33333333333333,,94.83999999999999,,100.0,1.0,1.0,96.02,94.44
342,26703722,100.0,80.09222222222222,97.91666666666667,98.33333333333333,,94.83999999999999,,100.0,1.0,1.0,96.02,94.44
343,26703723,95.15166666666666,100.0,96.29666666666667,,100.0,95.35714285714286,95.91857142857144,100.0,4.0,4.0,96.01,100.00
344,26703725,97.2225,100.0,97.9175,100.0,,96.66666666666667,,100.0,4.0,,96.53,95.00
345,26703728,98.462,96.24142857142856,,,94.80000000000001,92.26142857142857,97.61833333333334,100.0,4.0,2.0,97.13,
346,26703734,96.53,,98.21375,,100.0,94.32499999999999,98.21428571428571,85.71,2.0,1.0,95.78,96.55
347,26703736,100.0,100.0,96.295,,82.06750000000001,92.24888888888889,100.0,100.0,3.0,2.0,95.2,100.00
348,26703736,100.0,100.0,96.295,,82.06750000000001,92.24888888888889,100.0,87.5,3.0,2.0,95.2,100.00
349,26703737,94.28399999999999,,91.66666666666667,,96.42857142857143,88.69000000000001,95.23666666666666,100.0,3.0,2.0,93.42,
350,26703746,96.29666666666667,90.27833333333335,,100.0,92.77799999999999,100.0,100.0,100.0,,,92.51,100.00
351,26703746,96.29666666666667,90.27833333333335,,100.0,92.77799999999999,100.0,100.0,100.0,,,92.51,100.00
352,26703748,100.0,98.41285714285713,93.75,95.73875,,100.0,96.17285714285715,100.0,,,95.1,100.00
353,26703748,100.0,98.41285714285713,93.75,95.73875,,100.0,96.17285714285715,100.0,,,95.1,100.00
354,26703749,89.5825,100.0,100.0,,96.0,85.10142857142857,100.0,100.0,1.0,1.0,91.93,85.71
355,26703751,94.7925,94.445,92.85666666666667,,89.75333333333334,97.22166666666668,93.75,91.67,2.0,1.0,91.2,100.00
356,26703753,98.21428571428571,,85.71375,,87.08375,95.23714285714286,87.38125,100.0,2.0,,94.61,83.33
357,26703753,98.21428571428571,,85.71375,,87.08375,95.23714285714286,87.38125,100.0,2.0,,94.61,83.33
358,26703754,100.0,100.0,94.58333333333333,,92.06333333333333,98.98,100.0,100.0,1.0,,97.85,100.00
359,26703754,100.0,100.0,94.58333333333333,,92.06333333333333,98.98,100.0,100.0,1.0,,97.85,100.00
360,26703763,91.428,95.55571428571429,,,96.82571428571428,97.14285714285714,98.4375,71.43,5.0,2.0,95.21,
361,26703770,90.0,100.0,,,83.33,100.0,,80.0,,,95.0,75.00
362,26703776,92.74625,83.33333333333333,94.41874999999999,94.86749999999998,95.67777777777776,97.72749999999999,95.58999999999999,97.06,,,96.34,
363,26703776,92.74625,83.33333333333333,94.41874999999999,94.86749999999998,95.67777777777776,97.72749999999999,95.58999999999999,93.75,,,96.34,
364,26703788,100.0,80.55499999999999,100.0,100.0,90.0,100.0,96.42857142857143,100.0,4.0,2.0,94.07,88.24
365,26703793,89.16666666666667,100.0,100.0,,81.6675,90.8325,100.0,80.0,1.0,1.0,90.85,94.44
366,26703793,89.16666666666667,100.0,100.0,,81.6675,90.8325,100.0,100.0,1.0,1.0,90.85,94.44
367,26703794,96.04625000000001,95.83687499999999,,95.455,94.18555555555557,95.28944444444446,97.11722222222222,95.59,,,95.67,
368,26703794,96.04625000000001,95.83687499999999,,95.455,94.18555555555557,95.28944444444446,97.11722222222222,83.33,,,95.67,
369,26703798,96.78571428571429,100.0,94.28500000000001,,100.0,95.83333333333333,96.29666666666667,100.0,3.0,1.0,95.87,100.00
370,26703801,93.75,98.0,,97.142,96.03142857142858,90.18199999999999,97.77799999999999,100.0,4.0,3.0,92.86,100.00
371,26703802,93.94000000000001,95.0,,,94.38714285714286,100.0,100.0,100.0,8.0,4.0,94.72,94.74
372,26703804,94.78166666666665,96.42888888888889,92.10857142857142,89.70166666666667,,96.00999999999999,100.0,100.0,7.0,6.0,94.81,91.67
373,26703804,94.78166666666665,96.42888888888889,92.10857142857142,89.70166666666667,,96.00999999999999,100.0,100.0,7.0,6.0,94.81,91.67
374,26703807,87.14285714285714,95.05777777777777,94.4042857142857,90.66499999999998,,95.5911111111111,80.0,87.5,16.0,7.0,90.81,97.87
375,26703807,87.14285714285714,95.05777777777777,94.4042857142857,90.66499999999998,,95.5911111111111,80.0,100.0,16.0,7.0,90.81,97.87
376,26703808,100.0,97.95857142857143,,89.28399999999999,98.14833333333333,95.08875,98.14833333333333,90.0,3.0,1.0,94.93,96.43
377,26703809,96.32428571428572,95.83333333333333,97.55142857142857,96.25285714285714,,96.01333333333334,,92.86,2.0,2.0,93.95,97.14
378,26703809,96.32428571428572,95.83333333333333,97.55142857142857,96.25285714285714,,96.01333333333334,,90.0,2.0,2.0,93.95,97.14
379,26703811,93.75,89.68285714285715,96.29666666666667,85.0,,100.0,100.0,100.0,7.0,4.0,92.4,96.30
380,26703811,93.75,89.68285714285715,96.29666666666667,85.0,,100.0,100.0,88.89,7.0,4.0,92.4,96.30
381,26703815,97.64285714285714,97.01777777777778,91.04571428571428,94.01249999999999,,88.11,93.33,100.0,9.0,5.0,94.86,91.11
382,26703815,97.64285714285714,97.01777777777778,91.04571428571428,94.01249999999999,,88.11,93.33,80.0,9.0,5.0,94.86,91.11
383,26703816,100.0,87.5,,,94.64285714285714,90.47714285714287,89.46375,100.0,12.0,8.0,91.64,90.00
384,26703818,78.334,89.28571428571429,95.0,89.62571428571428,,85.0,,75.0,5.0,4.0,93.17,100.00
385,26703818,78.334,89.28571428571429,95.0,89.62571428571428,,85.0,,75.0,5.0,4.0,93.17,100.00
386,26703818,78.334,89.28571428571429,95.0,89.62571428571428,,85.0,,100.0,5.0,4.0,93.17,100.00
387,26703821,80.0,92.59333333333332,,94.445,97.5311111111111,96.8275,97.1875,100.0,4.0,4.0,96.65,100.00
388,26703822,99.03875,93.63,97.61857142857141,94.86125,91.66499999999999,100.0,,100.0,2.0,2.0,93.45,90.91
389,26703822,99.03875,93.63,97.61857142857141,94.86125,91.66499999999999,100.0,,100.0,2.0,2.0,93.45,90.91
390,26703823,98.18199999999999,97.27285714285713,,,98.81000000000002,97.27285714285713,95.39249999999998,100.0,6.0,3.0,96.57,
391,26703827,90.9725,91.66499999999999,100.0,85.71,97.22166666666665,88.095,100.0,88.89,,,91.38,100.00
392,26703827,90.9725,91.66499999999999,100.0,85.71,97.22166666666665,88.095,100.0,66.67,,,91.38,100.00
393,26703828,96.03142857142856,91.95625,98.21428571428571,100.0,,97.5,92.31,88.89,3.0,1.0,96.2,96.97
394,26703828,96.03142857142856,91.95625,98.21428571428571,100.0,,97.5,92.31,100.0,3.0,1.0,96.2,96.97
395,26703829,100.0,91.74666666666667,,93.64999999999999,97.91624999999999,98.41222222222223,97.13777777777779,100.0,1.0,,91.87,100.00
396,26703832,95.755,92.07571428571428,100.0,98.57142857142857,,93.65,,100.0,2.0,1.0,97.16,100.00
397,26703832,95.755,92.07571428571428,100.0,98.57142857142857,,93.65,,88.89,2.0,1.0,97.16,100.00
398,26703833,94.16625,89.67999999999999,96.4275,,90.37111111111112,100.0,95.91375,80.0,4.0,1.0,96.53,100.00
399,26703835,96.44800000000001,94.422,,100.0,100.0,94.28571428571429,94.26285714285713,100.0,,,91.22,85.71
400,26703839,100.0,,87.46,,96.43,100.0,,85.71,3.0,2.0,93.95,100.00
401,26703840,94.33875,98.27111111111111,97.06875,96.83999999999999,,94.03222222222222,,100.0,,,94.15,91.67
402,26703840,94.33875,98.27111111111111,97.06875,96.83999999999999,,94.03222222222222,,92.31,,,94.15,91.67
403,26703841,100.0,95.83333333333333,,97.142,100.0,93.33333333333333,100.0,85.71,3.0,,97.0,93.75
404,26703843,100.0,97.1875,,95.02142857142857,81.74571428571429,100.0,91.41142857142857,100.0,5.0,3.0,93.03,93.94
405,26703844,90.91,96.42857142857143,,96.065,97.61857142857141,93.94000000000001,94.79125,100.0,4.0,4.0,96.07,100.00
406,26703849,100.0,98.61125,,93.056,95.95285714285716,97.64999999999999,92.63875,85.71,3.0,,94.69,96.15
407,26703853,95.27799999999999,100.0,100.0,,96.666,100.0,80.332,100.0,2.0,1.0,93.98,91.30
408,26703853,95.27799999999999,100.0,100.0,,96.666,100.0,80.332,66.67,2.0,1.0,93.98,91.30
409,26703855,95.48714285714286,95.2775,,,95.81888888888889,99.16624999999999,96.30428571428571,100.0,3.0,,96.47,100.00
410,26703855,95.48714285714286,95.2775,,,95.81888888888889,99.16624999999999,96.30428571428571,83.33,3.0,,96.47,100.00
411,26703857,92.0,91.66666666666667,,,88.4342857142857,97.61857142857141,100.0,80.0,,,95.24,100.00
412,26703859,93.334,92.47999999999999,86.128,91.41142857142857,94.445,89.63,50.0,100.0,4.0,3.0,94.04,90.63
413,26703859,93.334,92.47999999999999,86.128,91.41142857142857,94.445,89.63,50.0,71.43,4.0,3.0,94.04,90.63
414,26703860,95.35714285714286,100.0,96.0,,100.0,97.14285714285714,100.0,100.0,2.0,1.0,93.63,100.00
415,26703861,92.5,97.51142857142858,90.14,90.77799999999999,95.455,100.0,100.0,100.0,2.0,1.0,94.34,96.00
416,26703862,86.80166666666668,,82.064,92.7075,93.485,100.0,98.485,88.89,12.0,5.0,92.68,
417,26703864,97.91625,100.0,100.0,,91.66666666666667,89.62571428571428,100.0,100.0,2.0,1.0,95.06,100.00
418,26703865,97.0775,94.69111111111111,,,95.92555555555556,96.11111111111111,97.75555555555555,100.0,3.0,2.0,94.92,90.91
419,26703867,91.96375,83.33333333333333,83.33500000000001,,92.38142857142859,81.25,90.0,100.0,3.0,,89.61,100.00
420,26703868,100.0,94.38714285714286,100.0,,95.23857142857143,97.91624999999999,94.73428571428572,100.0,4.0,2.0,96.17,85.71
421,26703871,95.66,98.334,77.77666666666666,,97.0775,92.78125,95.10374999999999,100.0,4.0,3.0,93.26,90.91
422,26703871,95.66,98.334,77.77666666666666,,97.0775,92.78125,95.10374999999999,100.0,4.0,3.0,93.26,90.91
423,26703872,95.8325,100.0,100.0,,83.9275,92.22166666666668,90.8157142857143,100.0,1.0,1.0,88.83,100.00
424,26703875,98.485,100.0,,,97.40222222222222,93.29444444444444,89.84625,100.0,5.0,2.0,93.2,96.15
425,26703877,100.0,100.0,100.0,100.0,100.0,87.5,100.0,100.0,1.0,1.0,93.24,97.62
426,26703878,91.5375,,92.70875,,95.73875,94.97777777777777,94.0475,100.0,2.0,1.0,93.04,91.89
427,26703878,91.5375,,92.70875,,95.73875,94.97777777777777,94.0475,83.33,2.0,1.0,93.04,91.89
428,26703879,90.47571428571428,100.0,87.0525,100.0,91.37142857142858,92.85666666666667,95.77799999999999,100.0,1.0,,92.83,89.47
429,26703879,90.47571428571428,100.0,87.0525,100.0,91.37142857142858,92.85666666666667,95.77799999999999,100.0,1.0,,92.83,89.47
430,26703883,97.61857142857141,96.875,,,98.14777777777778,100.0,96.42857142857143,100.0,2.0,1.0,95.33,94.12
431,26703886,91.94399999999999,89.50375,100.0,90.47571428571428,,92.06285714285714,,100.0,6.0,4.0,96.79,88.89
432,26703886,91.94399999999999,89.50375,100.0,90.47571428571428,,92.06285714285714,,90.91,6.0,4.0,96.79,88.89
433,26703888,96.18999999999998,96.65125,,,98.14777777777778,96.37142857142858,100.0,90.0,1.0,1.0,95.3,100.00
434,26703891,72.0,50.0,100.0,66.6675,91.666,,83.334,100.0,7.0,5.0,81.89,
435,26703894,97.95857142857143,96.4275,100.0,,94.16666666666667,96.35374999999999,100.0,100.0,2.0,2.0,95.25,95.12
436,26703894,97.95857142857143,96.4275,100.0,,94.16666666666667,96.35374999999999,100.0,100.0,2.0,2.0,95.25,95.12
437,26703895,90.40125,,91.66624999999999,93.75,90.86444444444444,,89.44555555555556,100.0,10.0,4.0,95.58,66.67
438,26703895,90.40125,,91.66624999999999,93.75,90.86444444444444,,89.44555555555556,87.5,10.0,4.0,95.58,66.67
439,26703896,98.71833333333332,96.18222222222222,,,92.68714285714285,97.5,97.95857142857143,100.0,5.0,3.0,94.72,94.12
440,26703897,81.6675,,98.41285714285713,96.42857142857143,100.0,,96.66666666666667,100.0,3.0,1.0,94.41,94.44
441,26703897,81.6675,,98.41285714285713,96.42857142857143,100.0,,96.66666666666667,100.0,3.0,1.0,94.41,94.44
442,26703897,81.6675,,98.41285714285713,96.42857142857143,100.0,,96.66666666666667,66.67,3.0,1.0,94.41,94.44
443,26703899,100.0,95.0,,98.80999999999999,93.07333333333334,89.05857142857143,95.95285714285716,100.0,1.0,,95.34,
444,26703903,98.86375,96.4275,97.5,,92.03555555555556,97.02428571428571,97.17888888888889,100.0,,,96.33,94.87
445,26703905,90.83375,88.89,,,100.0,92.70875000000001,96.11125,100.0,4.0,2.0,89.13,50.00
446,26703907,97.22166666666665,98.21428571428571,,,89.46375,96.42857142857143,100.0,100.0,2.0,1.0,95.78,96.15
447,26703931,100.0,100.0,89.62571428571428,,90.9725,100.0,89.88125,100.0,2.0,2.0,92.89,91.18
448,26703931,100.0,100.0,89.62571428571428,,90.9725,100.0,89.88125,83.33,2.0,2.0,92.89,91.18
449,26703935,91.66499999999999,73.81,100.0,90.0,96.875,81.25,86.42857142857143,83.33,3.0,2.0,94.37,
450,26703938,96.42857142857143,98.14777777777778,,,92.58875,90.8157142857143,89.28571428571429,100.0,2.0,1.0,93.84,
451,26703948,100.0,100.0,100.0,,75.0,94.44500000000001,95.0,100.0,,,96.86,100.00
452,26703948,100.0,100.0,100.0,,75.0,94.44500000000001,95.0,100.0,,,96.86,100.00
453,26703949,81.0,95.23666666666666,100.0,,94.44500000000001,97.91666666666667,89.68166666666667,66.67,,,96.6,91.67
454,26703949,81.0,95.23666666666666,100.0,,94.44500000000001,97.91666666666667,89.68166666666667,100.0,,,96.6,91.67
455,26703952,93.334,100.0,100.0,,100.0,100.0,96.0,100.0,,,99.22,100.00
456,26703952,93.334,100.0,100.0,,100.0,100.0,96.0,100.0,,,99.22,100.00
457,26703953,86.924,73.01333333333332,92.86,,100.0,94.25,87.77833333333335,100.0,,,93.42,98.04
458,26703953,86.924,73.01333333333332,92.86,,100.0,94.25,87.77833333333335,100.0,,,93.42,98.04
459,26703955,97.5,88.89,100.0,,100.0,100.0,98.0,100.0,,,96.34,
460,26703956,91.6675,83.33500000000001,100.0,,91.66666666666667,93.33333333333333,91.66666666666667,100.0,,,92.14,81.82
461,26703956,91.6675,83.33500000000001,100.0,,91.66666666666667,93.33333333333333,91.66666666666667,100.0,,,92.14,81.82
462,26703957,91.66666666666667,87.5,100.0,,90.84666666666665,91.66666666666667,100.0,100.0,,,92.94,77.78
463,26703957,91.66666666666667,87.5,100.0,,90.84666666666665,91.66666666666667,100.0,81.82,,,92.94,77.78
464,26703958,100.0,83.33333333333333,100.0,,96.0,95.83333333333333,100.0,100.0,,,96.33,100.00
465,26703958,100.0,83.33333333333333,100.0,,96.0,95.83333333333333,100.0,81.82,,,96.33,100.00
466,26703961,97.5,93.33333333333333,84.62,,91.20333333333333,94.642,77.44399999999999,100.0,,,94.08,86.67
467,26703961,97.5,93.33333333333333,84.62,,91.20333333333333,94.642,77.44399999999999,100.0,,,94.08,86.67
468,26703963,100.0,82.22333333333334,100.0,,91.6675,90.0,100.0,100.0,,,97.9,100.00
469,26703963,100.0,82.22333333333334,100.0,,91.6675,90.0,100.0,100.0,,,97.9,100.00
470,26703964,67.8575,,,,95.0,100.0,87.5,71.43,,,90.88,100.00
471,26703964,67.8575,,,,95.0,100.0,87.5,83.33,,,90.88,100.00
472,26703965,100.0,96.4275,,,91.66666666666667,87.5,91.66666666666667,100.0,,,98.14,92.31
473,26703967,96.4275,70.8325,,,95.0,89.5825,98.462,100.0,,,88.75,96.15
474,26703970,72.22333333333334,75.0,,,100.0,93.75,83.3325,50.0,,,86.4,
475,26703971,100.0,100.0,,,80.0,100.0,100.0,100.0,,,98.0,100.00
476,26703971,100.0,100.0,,,80.0,100.0,100.0,100.0,,,98.0,100.00
477,26703972,100.0,86.6675,,,96.4275,93.77799999999999,92.666,100.0,,,92.1,91.30
478,26703973,93.33333333333333,100.0,,,90.0,96.4275,78.03,100.0,,,96.97,100.00
479,26703977,90.1775,100.0,,,86.0,61.666,92.666,100.0,,,79.26,92.86
480,26703978,100.0,100.0,,,96.666,100.0,73.334,100.0,,,96.94,88.24
481,26703979,93.33333333333333,96.4275,,,96.4275,100.0,100.0,100.0,,,97.46,100.00
482,26703981,100.0,100.0,,,,80.0,100.0,100.0,,,90.48,
483,26703982,93.75,94.44333333333333,,,82.666,95.556,91.6675,100.0,,,97.01,93.18
484,26703982,93.75,94.44333333333333,,,82.666,95.556,91.6675,100.0,,,97.01,93.18
485,26703983,83.33500000000001,95.8325,,,100.0,100.0,100.0,100.0,,,91.54,88.89
486,35706305,,92.0,,93.334,79.1675,87.5,91.6675,100.0,5.0,4.0,95.95,87.50
487,35706317,81.77,,81.99375,,87.21333333333334,86.83777777777777,86.64888888888888,33.33,16.0,4.0,96.68,88.46
488,35706317,81.77,,81.99375,,87.21333333333334,86.83777777777777,86.64888888888888,50.0,16.0,4.0,96.68,88.46
489,35706321,86.556,,87.222,,71.53333333333333,86.9042857142857,91.666,83.33,13.0,4.0,93.76,
