index,Agent_ID,Friday,Monday,Saturday,Sunday,Thursday,Tuesday,Wednesday,Site,Function_Field,tenure,Total number of calls,Assistance,Recommend,CSat,total coaching,total coaching improved,Actual Value,FCR Week before,Label,Pred_Class
0,384091,100.0,90.0,90.0,96.14583333,100.0,96.875,100.0,Kuala Lumpur,Agent,33,163,95.0617284,94.23076923,4.865030675,0,0,85.71,97.14,90.2294,True Negative
1,369185,94.0,100.0,96.86552808,96.86552808,96.10389609999999,95.89041096,98.33333333,Kuala Lumpur,Agent,33,306,95.08196721,94.66666667,4.830065359,0,0,100.0,88.64,98.8519,True Positive
2,360854,94.44444444,80.0,92.93602694,92.93602694,100.0,93.93939394,96.2962963,Kuala Lumpur,Agent,32,138,94.16058394,94.73684211,4.81884058,2,1,80.0,92.31,85.1922,True Negative
3,374407,100.0,95.0,96.63043478,96.63043478,92.5,95.65217391,100.0,Kuala Lumpur,Agent,32,148,98.64864865,95.83333333,4.844594595,0,0,94.44,100.0,96.124,True Negative
4,372496,96.875,95.83333333,94.27810078,94.27810078,83.33333333,95.34883721,100.0,Kuala Lumpur,Agent,29,142,97.18309859,98.55072464,4.85915493,0,0,100.0,90.91,97.9621,True Positive
5,375859,95.55555556,97.36842105,93.93939394,97.2972973,96.43997671,98.03921569,96.43997671,Kuala Lumpur,Agent,29,204,96.0199005,93.84615385,4.81372549,0,0,100.0,96.88,96.6282,False Negative
6,382193,96.15384615,93.33333333,94.44444444,100.0,98.30508475,94.44444444,96.2962963,Kuala Lumpur,Agent,27,274,94.7761194,96.16858238,4.784671533,2,2,93.33,96.43,93.3748,True Negative
7,377678,100.0,100.0,92.85714286,96.08411741,92.30769231,94.11764706,97.22222222,Kuala Lumpur,Agent,26,185,95.5801105,95.50561798,4.72972973,1,0,100.0,100.0,96.7249,False Negative
8,385472,93.5483871,92.85714286,94.5726486,94.5726486,93.10344828,95.91836735,97.43589744,Kuala Lumpur,Agent,25,303,94.68438538,92.41379309999999,4.732673267,1,1,94.12,100.0,95.7285,True Negative
9,363838,93.93939394,94.44444444,95.67676768,95.67676768,100.0,90.0,100.0,Kuala Lumpur,Agent,25,135,99.12280702,97.2972973,4.784482758999999,0,0,100.0,93.75,99.2088,True Positive
10,384994,92.30769231,83.33333333,97.87234043,93.99204616,97.36842105,96.2962963,96.77419355,Kuala Lumpur,Agent,24,228,97.80701754,95.04504505,4.8508771930000005,1,0,100.0,87.5,97.9542,True Positive
11,369496,100.0,0.0,100.0,94.11764706,95.65217391,80.0,95.65217391,Kuala Lumpur,Agent,21,111,96.36363636,94.39252336,4.657657658,3,2,100.0,100.0,99.2691,False Negative
12,365416,89.70588235,94.28571429,93.85189076,93.85189076,90.625,100.0,94.64285714,Kuala Lumpur,Agent,21,314,94.85530547,96.03960396,4.8089171969999995,4,2,89.19,92.31,91.0349,True Negative
13,378217,100.0,92.30769231,100.0,100.0,97.66153846,96.0,97.66153846,Kuala Lumpur,Agent,21,120,95.79831933,95.68965517,4.783333333,0,0,100.0,97.37,99.5925,True Positive
14,363582,95.0,100.0,100.0,100.0,95.83333333,100.0,95.65217391,Kuala Lumpur,Agent,21,102,93.13725490000002,95.95959596,4.696078431,0,0,92.86,100.0,93.1351,True Negative
15,384261,100.0,95.83333333,97.1397272,97.1397272,94.0,97.82608696,98.03921569,Kuala Lumpur,Agent,20,237,93.67088608,96.98275862,4.725738397,2,2,96.3,96.15,96.3149,True Positive
16,387748,100.0,100.0,93.59354414,90.90909091,75.0,95.65217391,100.0,Kuala Lumpur,Agent,20,92,94.50549451,98.7804878,4.826086957,1,0,100.0,94.12,98.4924,True Positive
17,383094,100.0,93.5483871,96.99539171,96.99539171,96.42857143,100.0,95.0,Kuala Lumpur,Agent,20,224,96.41255605,97.68518519,4.754464286,2,2,100.0,100.0,97.6462,False Negative
18,381695,96.8,100.0,96.8,100.0,100.0,96.0,88.0,Kuala Lumpur,Agent,20,116,97.32142857,98.11320755,4.74137931,4,4,100.0,100.0,97.6385,False Negative
19,388431,97.61904762,95.65217391,94.11764706,100.0,100.0,96.66666667,96.42857143,Kuala Lumpur,Agent,19,220,96.34703196,97.11538462,4.931818182,1,0,100.0,96.43,98.439,True Positive
20,377665,100.0,87.5,93.5483871,94.44312945,96.0,93.18181818,96.42857143,Kuala Lumpur,Agent,17,161,95.625,95.56962025,4.826086957,1,1,92.86,88.89,95.0458,True Positive
21,370173,97.87234043,94.43567246,97.14285714,86.66666667,95.34883721,100.0,89.58333333,Kuala Lumpur,Agent,17,216,97.19626168,97.6076555,4.8611111110000005,1,0,75.0,96.3,83.6608,True Negative
22,373992,100.0,94.44444444,90.0,94.44444444,100.0,95.0,100.0,Kuala Lumpur,Agent,17,98,95.78947368,97.82608696,4.744897958999999,1,1,78.57,96.55,85.9494,True Negative
23,374455,96.5954127,94.11764706,96.5954127,92.30769231,100.0,100.0,96.55172414,Kuala Lumpur,Agent,17,98,94.89795918,100.0,4.775510204,0,0,88.24,100.0,90.3096,True Negative
24,359251,100.0,96.09523809999999,90.0,96.09523809999999,90.47619048,100.0,100.0,Kuala Lumpur,Agent,17,92,95.65217391,94.38202247,4.826086957,1,0,80.0,96.0,86.6057,True Negative
25,385925,94.87179487,100.0,97.06959707,97.06959707,90.47619048,100.0,100.0,Kuala Lumpur,Agent,17,180,96.08938547,95.42857143,4.905555556,4,1,100.0,100.0,98.9376,False Negative
26,366897,94.73684211,100.0,100.0,97.45614035,100.0,95.0,95.0,Kuala Lumpur,Agent,17,101,93.0,97.93814433,4.9405940589999995,0,0,100.0,100.0,98.2298,False Negative
27,366394,100.0,98.27586207,98.33040019,96.96969697,100.0,100.0,94.73684211,Kuala Lumpur,Agent,17,282,97.5088968,98.16176471,4.921985816,1,0,95.0,100.0,95.8511,True Negative
28,368079,100.0,100.0,100.0,98.25533662,93.10344828,100.0,96.42857143,Kuala Lumpur,Agent,17,111,94.54545455,94.33962264,4.918918918999999,0,0,90.0,100.0,93.6179,True Negative
29,366368,100.0,100.0,96.90185676,93.10344828,100.0,92.30769231,96.0,Kuala Lumpur,Agent,17,135,93.89312977,99.2248062,4.837037037,1,0,95.24,95.24,94.3609,False Negative
30,367112,96.0,91.30434783,94.01501035,100.0,100.0,89.28571429,87.5,Kuala Lumpur,Agent,17,132,94.53125,97.56097561,4.818181818,0,0,100.0,100.0,98.6337,False Negative
31,353147,100.0,100.0,98.17751552,100.0,96.55172414,97.05882353,95.45454545,Kuala Lumpur,Agent,17,218,95.81395349,97.59615385,4.8623853210000005,0,0,95.24,100.0,97.1557,True Negative
32,357454,100.0,100.0,100.0,97.60458839,89.47368421,96.15384615,100.0,Kuala Lumpur,Agent,16,93,95.50561798,93.10344828,4.903225806,0,0,100.0,96.88,99.8453,True Positive
33,362681,90.0,100.0,96.68261563,97.36842105,100.0,97.72727273,95.0,Kuala Lumpur,Agent,16,214,95.75471698,98.0861244,4.91588785,1,0,95.65,100.0,96.8623,True Negative
34,371840,86.20689655,87.09677419,90.1266619,90.1266619,93.75,90.47619048,93.10344828,Kuala Lumpur,Agent,16,142,95.74468085,92.64705882,4.788732394,5,3,83.33,89.47,87.9034,True Negative
35,378089,94.73684211,87.5,95.5778032,95.5778032,100.0,95.65217391,100.0,Kuala Lumpur,Agent,16,72,95.83333333,98.52941176,4.6111111110000005,1,1,100.0,100.0,96.1711,False Negative
36,365613,95.13138049,94.73684211,95.13138049,91.17647059,89.74358974,100.0,100.0,Kuala Lumpur,Agent,16,125,95.12195122,98.30508475,4.768,2,1,100.0,83.33,96.4938,True Positive
37,371722,91.06121948,84.21052632,91.06121948,95.45454545,92.30769231,83.33333333,100.0,Kuala Lumpur,Agent,16,73,97.18309859,92.85714286,4.931506849,1,1,100.0,80.0,97.4675,True Positive
38,384701,96.92395983,97.05882353,96.92395983,97.56097561,100.0,90.0,100.0,Kuala Lumpur,Agent,16,139,99.27536232,94.7761194,4.784172662,0,0,100.0,94.44,99.2808,True Positive
39,375680,95.55555556,94.0,93.09825792,80.0,97.2972973,97.61904762,94.11764706,Kuala Lumpur,Agent,16,235,93.96551724,96.42857143,4.834042553,1,0,95.0,94.74,96.5254,True Positive
40,387754,100.0,90.0,100.0,95.42929293,91.66666667,90.90909091,100.0,Kuala Lumpur,Agent,16,63,95.16129032,95.16129032,4.9841269839999995,0,0,100.0,100.0,98.2623,False Negative
41,367096,100.0,97.14285714,97.21601104,97.21601104,91.11111111,97.82608696,100.0,Kuala Lumpur,Agent,16,184,97.23756906,95.48022599,4.7880434780000005,2,1,100.0,100.0,98.0871,False Negative
42,373748,96.66666667,100.0,96.98039216,96.98039216,88.23529412,100.0,100.0,Kuala Lumpur,Agent,16,80,95.0,97.4025974,4.7625,2,1,94.12,94.12,96.0279,True Positive
43,380223,90.90909091,95.12195122,95.67334865,97.05882353,100.0,96.07843137,94.87179487,Kuala Lumpur,Agent,16,221,97.26027397,95.28301887,4.8416289589999995,6,2,96.3,100.0,97.28,True Negative
44,373874,100.0,93.75,100.0,86.66666667,95.23809524,95.65217391,100.0,Kuala Lumpur,Agent,16,119,96.61016949,95.65217391,4.840336134,0,0,100.0,92.86,98.0023,True Positive
45,355564,98.11320755,97.72727273,100.0,97.91358169,98.21428571,96.55172414,96.875,Kuala Lumpur,Agent,16,218,98.60465116,97.6076555,4.9174311930000005,0,0,100.0,100.0,98.3025,False Negative
46,353849,100.0,94.0,95.11050986,92.5,90.90909091,96.82539683,96.42857143,Kuala Lumpur,Agent,15,248,95.12195122,94.04255319,4.782258065,2,0,97.3,97.3,97.2499,False Negative
47,376661,93.87755102,92.85714286,94.74189676,94.74189676,92.85714286,94.11764706,100.0,Kuala Lumpur,Agent,15,139,94.89051095,97.76119403,4.618705036000001,1,1,100.0,100.0,98.0067,False Negative
48,353039,96.92307692,100.0,96.49620075,96.49620075,96.0,96.875,92.68292683,Kuala Lumpur,Agent,15,224,96.42857143,96.34703196,4.8571428569999995,1,0,100.0,90.32,98.2245,True Positive
49,357970,100.0,100.0,92.85714286,100.0,95.65217391,93.33333333,95.0,Kuala Lumpur,Agent,15,128,94.53125,94.4,4.8359375,1,1,100.0,96.67,97.2176,True Positive
50,375039,100.0,100.0,100.0,98.41269841,90.47619048,100.0,100.0,Kuala Lumpur,Agent,15,130,96.15384615,96.0,4.907692308000001,0,0,100.0,100.0,98.4951,False Negative
51,368041,91.30434783,91.66666667,93.34744965,93.34744965,100.0,92.85714286,90.90909091,Kuala Lumpur,Agent,15,131,93.89312977,93.5483871,4.732824427,2,1,96.0,92.31,95.8416,True Positive
52,376070,90.76923077,91.35802469,92.61047083,92.85714286,95.0617284,95.29411765,90.32258065,Kuala Lumpur,Agent,14,388,95.36082474,94.9197861,4.731958763,8,4,91.89,85.42,91.6429,True Positive
53,371286,100.0,100.0,93.75,100.0,100.0,92.30769231,100.0,Kuala Lumpur,Agent,14,80,97.5,94.80519481,4.7875,0,0,92.59,91.67,95.6994,True Positive
54,387142,77.77777778,90.0,92.17145787,93.10344828,97.18309859,96.55172414,98.41269841,Kuala Lumpur,Agent,14,309,97.06840391,95.15570934,4.809061488999999,3,2,91.43,97.62,95.4348,True Negative
55,383803,97.91666667,100.0,96.1893003,96.1893003,92.68292683,92.30769231,98.03921569,Kuala Lumpur,Agent,14,227,96.91629956,96.86098655,4.876651982,4,1,89.47,100.0,94.7889,True Negative
56,356718,88.46153846,96.15384615,92.51526252,80.0,100.0,90.47619048,100.0,Kuala Lumpur,Agent,14,164,95.09202454,96.79487179,4.865853659,3,2,100.0,100.0,97.2522,False Negative
57,356813,100.0,83.33333333,100.0,97.22222222,100.0,100.0,100.0,Kuala Lumpur,Agent,12,52,100.0,96.0,4.884615385,0,0,85.71,100.0,90.1855,True Negative
58,364165,100.0,93.93939394,95.34186292,96.15384615,94.11764706,94.73684211,93.10344828,Kuala Lumpur,Agent,12,150,99.33333333,96.59863946,4.8,2,2,94.12,92.86,96.4429,True Positive
59,362641,100.0,100.0,92.59259259,100.0,95.46430488,91.30434783,88.88888889,Kuala Lumpur,Agent,12,117,97.43589744,95.68965517,4.854700855,0,0,100.0,96.0,99.6966,True Positive
60,385080,92.84848485,90.90909091,92.84848485,90.0,83.33333333,100.0,100.0,Kuala Lumpur,Agent,12,74,94.52054795,94.02985075,4.8108108110000005,2,1,100.0,100.0,97.7064,False Negative
61,388627,95.45454545,100.0,100.0,98.00785634,100.0,92.59259259,100.0,Kuala Lumpur,Agent,11,131,97.69230769,95.3125,4.839694656,1,0,94.44,96.15,95.0039,True Negative
62,358739,92.85714286,92.30769231,85.71428571,93.91303141,94.87179487,100.0,97.72727273,Kuala Lumpur,Agent,11,174,94.67455621,95.09202454,4.810344828,0,0,100.0,91.89,95.9722,True Positive
63,377533,100.0,93.5483871,95.28154059,95.34883721,91.83673469,95.83333333,95.12195122,Kuala Lumpur,Agent,10,224,95.98214286,96.24413146,4.834821429,3,2,97.56,100.0,97.1315,True Negative
64,385994,91.66666667,94.11764706,96.72055347,97.87234043,100.0,96.66666667,100.0,Kuala Lumpur,Agent,10,217,97.6635514,95.6097561,4.875576037,0,0,95.45,89.66,97.8,True Positive
65,362003,97.80058651,93.5483871,97.80058651,100.0,100.0,95.45454545,100.0,Kuala Lumpur,Agent,10,131,96.15384615,96.12403101,4.885496183,1,1,100.0,96.43,97.9876,True Positive
66,360406,96.0,100.0,97.98529981,97.98529981,100.0,98.18181818,95.74468085,Kuala Lumpur,Agent,10,229,99.12663755,97.74774775,4.864628821,2,1,100.0,90.91,97.9155,True Positive
67,377791,98.18181818,100.0,95.65217391,97.96223101,100.0,93.93939394,100.0,Kuala Lumpur,Agent,10,233,96.10389609999999,97.30941704,4.896995708,4,2,95.83,97.44,96.3873,True Negative
68,355608,97.33333333,100.0,98.03921569,97.61601224,96.36363636,95.52238806,98.4375,Kuala Lumpur,Agent,10,322,96.57320872,97.10610932,4.875776398,1,1,96.15,95.83,97.7456,True Positive
69,373435,96.875,93.33333333,95.61288106,95.61288106,96.55172414,100.0,91.30434783,Kuala Lumpur,Agent,10,122,100.0,96.63865546,4.795081967,1,0,100.0,100.0,99.2837,False Negative
70,355175,95.23809524,100.0,95.83333333,96.92460317,100.0,95.23809524,95.23809524,Kuala Lumpur,Agent,9,193,95.28795812,97.88359788,4.808290155,1,1,100.0,100.0,98.7407,False Negative
71,383173,100.0,100.0,100.0,100.0,100.0,100.0,100.0,Kuala Lumpur,Agent,9,64,96.82539683,96.61016949,4.703125,0,0,100.0,100.0,97.8348,False Negative
72,358226,81.25,100.0,100.0,93.26302890000001,94.11764706,84.21052632,100.0,Kuala Lumpur,Agent,9,87,89.65517241,90.58823529,4.413793103,1,1,85.71,94.44,91.1929,True Negative
73,361809,96.96969697,88.88888889,90.625,92.12760619,84.61538462,97.22222222,94.44444444,Kuala Lumpur,Agent,9,167,92.12121212,94.83870968,4.826347305,1,0,100.0,89.66,99.1703,True Positive
74,388269,93.18181818,93.5483871,95.45253227,95.45253227,95.12195122,97.2972973,98.11320755,Kuala Lumpur,Agent,8,206,98.53658537,95.43147208,4.8834951460000005,3,3,100.0,89.66,98.0222,True Positive
75,359652,87.5,100.0,100.0,91.8482906,76.92307692,86.66666667,100.0,Kuala Lumpur,Agent,8,80,93.67088608,92.0,4.6125,1,1,100.0,94.74,97.3617,True Positive
76,384442,93.75,100.0,95.98345822,97.56097561,94.87179487,91.89189189,97.82608696,Kuala Lumpur,Agent,8,200,96.96969697,94.89795918,4.715,4,3,96.15,100.0,96.9215,True Negative
77,353804,91.42857143,94.73684211,95.94276013,95.94276013,93.5483871,100.0,100.0,Kuala Lumpur,Agent,8,139,96.32352941,98.4496124,4.820143885,7,4,100.0,94.12,98.924,True Positive
78,383455,100.0,97.22222222,96.99401612,91.17647059,97.6744186,97.77777778,98.11320755,Kuala Lumpur,Agent,8,220,95.41284404,97.19626168,4.727272727,3,1,83.33,100.0,89.8957,True Negative
79,356533,95.70421826,93.02325581,95.70421826,94.28571429,96.66666667,94.54545455,100.0,Kuala Lumpur,Agent,7,245,94.19087137,97.81659389,4.87755102,1,1,96.88,97.62,96.3804,True Negative
80,380856,98.46153846,98.52941176,97.57035122,97.57035122,98.71794872,97.14285714,95.0,Kuala Lumpur,Agent,7,361,96.64804469,96.59090909,4.858725762,3,2,97.22,98.46,97.7835,True Negative
81,362423,95.23809524,88.88888889,100.0,85.71428571,95.0,81.25,100.0,Kuala Lumpur,Agent,7,101,95.0,95.83333333,4.603960396000001,0,0,100.0,100.0,97.4629,False Negative
82,366903,100.0,92.30769231,96.59156904,93.18181818,98.0,98.5915493,97.46835443,Kuala Lumpur,Agent,7,315,97.74919614,95.75163399,4.774603175,1,0,95.35,100.0,95.5223,True Negative
83,386170,96.55172414,90.0,96.2962963,95.53527613,94.0,100.0,96.36363636,Kuala Lumpur,Agent,7,253,98.00796813,95.81589958,4.885375494,1,1,92.86,96.88,96.9435,False Positive
84,375998,91.83673469,94.44444444,94.99628477,100.0,100.0,90.47619048,93.22033898,Kuala Lumpur,Agent,7,260,96.49805447,94.35483871,4.784615385,0,0,100.0,100.0,98.1019,False Negative
85,363513,96.04166667,94.44444444,96.04166667,96.875,100.0,88.88888889,100.0,Kuala Lumpur,Agent,7,75,92.0,94.59459459,4.733333333,3,0,100.0,96.55,99.4238,True Positive
86,360836,92.71927223,94.87179487,92.71927223,93.47826087,82.14285714,100.0,93.10344828,Kuala Lumpur,Agent,7,180,92.77777778,93.49112426,4.7,4,3,92.86,82.35,98.8679,True Positive
87,367797,94.70964144,96.55172414,94.70964144,95.55555556,96.15384615,93.18181818,92.10526316,Kuala Lumpur,Agent,7,182,94.44444444,95.45454545,4.7417582419999995,3,3,100.0,94.44,100.0976,True Positive
88,354654,96.158553,98.0,96.158553,92.68292683,96.55172414,98.24561404,95.3125,Kuala Lumpur,Agent,7,241,96.20253165,94.78260870000001,4.717842323999999,2,0,97.37,92.31,95.8998,True Positive
89,382952,92.0,100.0,100.0,94.55555556,92.0,100.0,83.33333333,Kuala Lumpur,Agent,7,109,93.57798165,95.37037037,4.669724771,2,1,92.86,96.55,95.0382,True Negative
90,386352,93.75,95.3125,95.83349413,95.83349413,95.12195122,98.7804878,96.20253165,Kuala Lumpur,Agent,7,371,96.99453552,94.98607242,4.921832884,1,0,100.0,94.44,96.7522,True Positive
91,378385,88.0,92.0,93.40890688,93.40890688,92.30769231,94.73684211,100.0,Kuala Lumpur,Agent,7,120,94.11764706,91.45299145,4.766666667,0,0,100.0,95.24,99.2419,True Positive
92,358926,96.15384615,97.75207249,95.23809524,97.75207249,100.0,97.36842105,100.0,Kuala Lumpur,Agent,7,123,96.74796748,93.38842975,4.780487805,2,1,100.0,100.0,97.1502,False Negative
93,367762,94.44444444,97.05882353,95.65217391,89.65517241,90.90909091,100.0,100.0,Kuala Lumpur,Agent,7,141,94.89051095,95.38461538,4.8652482269999995,0,0,100.0,96.3,97.4108,True Positive
94,375329,94.11764706,91.66666667,83.33333333,90.62013694,100.0,85.71428571,88.88888889,Kuala Lumpur,Agent,6,78,93.58974359,94.66666667,4.769230769,3,2,100.0,87.5,98.8937,True Positive
95,374458,95.0,91.30124521,100.0,91.30124521,77.77777778,90.625,93.10344828,Kuala Lumpur,Agent,6,114,94.69026549,95.45454545,4.6403508769999995,1,1,100.0,93.75,97.8098,True Positive
96,354857,100.0,100.0,100.0,100.0,100.0,84.0,100.0,Kuala Lumpur,Agent,6,155,95.48387097,94.66666667,4.8709677419999995,1,1,100.0,97.83,99.4066,True Positive
97,363616,98.14814815,96.15384615,97.51652534,97.51652534,97.82608696,95.45454545,100.0,Kuala Lumpur,Agent,6,240,95.81589958,93.91304348,4.883333333,1,1,100.0,95.24,98.5413,True Positive
98,382506,92.45283019,93.25309054,95.45454545,97.56097561,91.66666667,93.25309054,89.13043478,Kuala Lumpur,Agent,6,244,93.00411523,92.01680672,4.852459016,4,3,100.0,93.1,99.7889,True Positive
99,354474,95.65217391,97.05882353,94.31773884,98.30508475,89.47368421,91.66666667,93.75,Kuala Lumpur,Agent,6,250,95.951417,94.62809917,4.792,0,0,90.0,89.19,92.8492,True Positive
100,357637,87.22943723,86.66666667,87.22943723,92.85714286,90.90909091,80.0,85.71428571,Santiago,Agent,6,52,98.0,91.83673469,4.961538462,4,3,93.33,85.71,97.3153,True Positive
101,374085,85.29411765,84.74400871,80.55555556,84.74400871,81.48148148,88.88888889,87.5,Santiago,Agent,3,268,96.15384615,87.16216216,4.833333333,9,2,83.33,85.71,93.5517,False Positive
